__id__,__tags_type__,__tags_tags_applied_at__,__tags_tags_id__,__tags_tags_name__,__tags_tags_type__,__tags_tags_applied_by_id__,__tags_tags_applied_by_type__,__tags_tags__
20676600003372,tag.list,1600688603,2158368,Browser related – Microsoft Edge,tag,3543040,admin,NULL
20676600135795,tag.list,NULL,NULL,NULL,NULL,NULL,NULL,NULL
20676600215506,tag.list,NULL,NULL,NULL,NULL,NULL,NULL,NULL
20676600382625,tag.list,1661416275,7231758,add staff,tag,5550784,admin,NULL
25199283173,tag.list,1577699388,2158656,Request - Multi Org Login,tag,3061887,admin,NULL
20676601358698,tag.list,NULL,NULL,NULL,NULL,NULL,NULL,NULL
20676601460423,tag.list,1720009711,9578413,Authorised To Request Resident Transfers,tag,762290,admin,NULL
20676600191808,tag.list,1640763686,4061722,Feature/Product Confusion - Uploading Profile Photo / Picture,tag,3747084,admin,NULL
20676600200132,tag.list,NULL,NULL,NULL,NULL,NULL,NULL,NULL
20676600448805,tag.list,NULL,NULL,NULL,NULL,NULL,NULL,NULL
19527047092,tag.list,1542124247,2172446,Feature/Product Confusion - Creating New Carer/Resident,tag,424810,admin,NULL
20676600177016,tag.list,1638285752,6067661,serverdown301121,tag,3747084,admin,NULL
20676600177016,tag.list,1638285752,6067661,serverdown301121,tag,4412924,admin,NULL
20676600899879,tag.list,NULL,NULL,NULL,NULL,NULL,NULL,NULL
20676601303470,tag.list,NULL,NULL,NULL,NULL,NULL,NULL,NULL
20676600000118,tag.list,1592570423,4163009,Request New Feature - RESTORE2 and NEWS2,tag,424810,admin,NULL
20676600454842,tag.list,NULL,NULL,NULL,NULL,NULL,NULL,NULL
20676600519528,tag.list,NULL,NULL,NULL,NULL,NULL,NULL,NULL
20676600776893,tag.list,NULL,NULL,NULL,NULL,NULL,NULL,NULL
20676601198278,tag.list,NULL,NULL,NULL,NULL,NULL,NULL,NULL
20676601411649,tag.list,1718790250,7836200,NEW USER WITHIN 60 DAYS,tag,762290,admin,NULL
20676601471862,tag.list,1721135670,7836199,NEW USER WITHIN 30 DAYS,tag,762290,admin,NULL
20676601471862,tag.list,1721135670,7836200,NEW USER WITHIN 60 DAYS,tag,762290,admin,NULL
20676601471862,tag.list,1721135671,9578413,Authorised To Request Resident Transfers,tag,762290,admin,NULL
24717402968,tag.list,1574771121,2158656,Request - Multi Org Login,tag,424810,admin,NULL
19780155360,tag.list,NULL,NULL,NULL,NULL,NULL,NULL,NULL
20676600002465,tag.list,NULL,NULL,NULL,NULL,NULL,NULL,NULL
20676600026574,tag.list,1610105685,2158412,Feature/product confusion - Critical Info/Resident Dashboard,tag,424810,admin,NULL
20676600238668,tag.list,1649671885,2172446,Feature/Product Confusion - Creating New Carer/Resident,tag,5185998,admin,NULL
20676600378735,tag.list,NULL,NULL,NULL,NULL,NULL,NULL,NULL
20676600713132,tag.list,NULL,NULL,NULL,NULL,NULL,NULL,NULL
20676601020462,tag.list,NULL,NULL,NULL,NULL,NULL,NULL,NULL
20676601291525,tag.list,1711987838,2158656,Request - Multi Org Login,tag,762290,admin,NULL
20676600929038,tag.list,1693380852,8379363,Device - Purchase,tag,4412924,admin,NULL
20676601097355,tag.list,NULL,NULL,NULL,NULL,NULL,NULL,NULL
20676601196190,tag.list,NULL,NULL,NULL,NULL,NULL,NULL,NULL
20676600002418,tag.list,NULL,NULL,NULL,NULL,NULL,NULL,NULL
20676600064787,tag.list,1619010986,3546110,CIC - General Query,tag,762290,admin,NULL
20676600145797,tag.list,NULL,NULL,NULL,NULL,NULL,NULL,NULL
20676600947188,tag.list,1694631350,7836200,NEW USER WITHIN 60 DAYS,tag,762290,admin,NULL
20676601350138,tag.list,NULL,NULL,NULL,NULL,NULL,NULL,NULL
15085864098,tag.list,NULL,NULL,NULL,NULL,NULL,NULL,NULL
20676601456031,tag.list,NULL,NULL,NULL,NULL,NULL,NULL,NULL
20676600011344,tag.list,1606739716,2162921,Reporting - How to create reports,tag,3543040,admin,NULL
20676600177319,tag.list,1638287660,6067661,serverdown301121,tag,3747084,admin,NULL
20676600315166,tag.list,1656076812,5859886,NEW USER WITHIN 7 DAYS,tag,762290,admin,NULL
20676600315166,tag.list,1656310679,4155670,Request New Feature - Ability to Spin Profile Pics as well as Scale,tag,4460916,admin,NULL
20676600388441,tag.list,NULL,NULL,NULL,NULL,NULL,NULL,NULL
20676601204649,tag.list,1709120978,7836200,NEW USER WITHIN 60 DAYS,tag,762290,admin,NULL
20676601234896,tag.list,NULL,NULL,NULL,NULL,NULL,NULL,NULL
20676601356838,tag.list,1714729807,7836200,NEW USER WITHIN 60 DAYS,tag,762290,admin,NULL
20676601356838,tag.list,1714729807,8743420,CarePlanner [Plug-In],tag,762290,admin,NULL
20876408826,tag.list,1550508579,2394042,Feature/Product confusion - Care Plan on Handheld,tag,424810,admin,NULL
21539144508,tag.list,1554735926,2158656,Request - Multi Org Login,tag,3061887,admin,NULL
26512111445,tag.list,1586165384,3435909,Feature/Product confusion Release 25/11/19 Device Mngt &amp; Import CP Template,tag,3061887,admin,NULL
20676600267907,tag.list,1652367636,5859886,NEW USER WITHIN 7 DAYS,tag,762290,admin,NULL
20676600682072,tag.list,NULL,NULL,NULL,NULL,NULL,NULL,NULL
20676601271134,tag.list,NULL,NULL,NULL,NULL,NULL,NULL,NULL
20676601335374,tag.list,NULL,NULL,NULL,NULL,NULL,NULL,NULL
20676600005057,tag.list,1604913381,2161368,Request - Resident Home Transfer,tag,3747084,admin,NULL
20676600514509,tag.list,NULL,NULL,NULL,NULL,NULL,NULL,NULL
20676600531113,tag.list,NULL,NULL,NULL,NULL,NULL,NULL,NULL
20676600795688,tag.list,NULL,NULL,NULL,NULL,NULL,NULL,NULL
20676601358123,tag.list,1714993685,5859886,NEW USER WITHIN 7 DAYS,tag,762290,admin,NULL
20676601358123,tag.list,1714993685,7836199,NEW USER WITHIN 30 DAYS,tag,762290,admin,NULL
20676601358123,tag.list,1714993685,7836200,NEW USER WITHIN 60 DAYS,tag,762290,admin,NULL
20676601457155,tag.list,1719841419,8379310,Feature/Product Confusion - Creating an Interaction,tag,762290,admin,NULL
20676600000415,tag.list,1593515734,2772715,Organisation Interactions - Request new Organisation Interaction,tag,424810,admin,NULL
20676600168687,tag.list,1636651799,5999800,slowdown11 11 21,tag,3747084,admin,NULL
20676600169306,tag.list,1636734884,2158406,Feature/product confusion – Room Numbers,tag,4460916,admin,NULL
20676600308689,tag.list,1655481947,2158403,Feature/Product Confusion - Device Management,tag,4460916,admin,NULL
20676600308759,tag.list,NULL,NULL,NULL,NULL,NULL,NULL,NULL
20676600694176,tag.list,NULL,NULL,NULL,NULL,NULL,NULL,NULL
20676600958630,tag.list,NULL,NULL,NULL,NULL,NULL,NULL,NULL
20676601070707,tag.list,NULL,NULL,NULL,NULL,NULL,NULL,NULL
20676601236283,tag.list,NULL,NULL,NULL,NULL,NULL,NULL,NULL
20676601237874,tag.list,NULL,NULL,NULL,NULL,NULL,NULL,NULL
20676600962137,tag.list,NULL,NULL,NULL,NULL,NULL,NULL,NULL
25514555906,tag.list,1579883571,3649422,CIC - Quick Close Tags Requested,tag,424810,admin,NULL
11070951846,tag.list,NULL,NULL,NULL,NULL,NULL,NULL,NULL
20676600143252,tag.list,NULL,NULL,NULL,NULL,NULL,NULL,NULL
20676600284475,tag.list,1654518144,2201804,Request - New Feature - group closing adhoc,tag,4460916,admin,NULL
20676600340484,tag.list,NULL,NULL,NULL,NULL,NULL,NULL,NULL
20676600477689,tag.list,NULL,NULL,NULL,NULL,NULL,NULL,NULL
20676600597938,tag.list,NULL,NULL,NULL,NULL,NULL,NULL,NULL
20676601240085,tag.list,NULL,NULL,NULL,NULL,NULL,NULL,NULL
20676601454956,tag.list,NULL,NULL,NULL,NULL,NULL,NULL,NULL
20676601456124,tag.list,1719831774,9578413,Authorised To Request Resident Transfers,tag,762290,admin,NULL
20676601456995,tag.list,1719838548,3546110,CIC - General Query,tag,762290,admin,NULL
20676601543077,tag.list,1721981683,7836199,NEW USER WITHIN 30 DAYS,tag,762290,admin,NULL
20676601543077,tag.list,1721981683,7836200,NEW USER WITHIN 60 DAYS,tag,762290,admin,NULL
20676601543077,tag.list,1721981684,9578413,Authorised To Request Resident Transfers,tag,762290,admin,NULL
20676600493758,tag.list,NULL,NULL,NULL,NULL,NULL,NULL,NULL
20676601289198,tag.list,NULL,NULL,NULL,NULL,NULL,NULL,NULL
20676601340807,tag.list,1713863594,2293741,User Error - Login/out,tag,4460916,admin,NULL
20676601364470,tag.list,NULL,NULL,NULL,NULL,NULL,NULL,NULL
20676601369598,tag.list,1716970035,2172446,Feature/Product Confusion - Creating New Carer/Resident,tag,4460916,admin,NULL
20676601439184,tag.list,1719235133,9578413,Authorised To Request Resident Transfers,tag,762290,admin,NULL
19764512210,tag.list,1543332544,2169137,User Error - Entered on the  wrong timeline,tag,1656942,admin,NULL
20676600717250,tag.list,1681464440,3546110,CIC - General Query,tag,762290,admin,NULL
20676600817225,tag.list,NULL,NULL,NULL,NULL,NULL,NULL,NULL
20676601222778,tag.list,1709454835,7836199,NEW USER WITHIN 30 DAYS,tag,762290,admin,NULL
20676601222778,tag.list,1709454836,7836200,NEW USER WITHIN 60 DAYS,tag,762290,admin,NULL
20676601271237,tag.list,1711625260,3297950,Feature/Product Confusion - How to Create a Care Plan,tag,762290,admin,NULL
19828416717,tag.list,1543827882,2158656,Request - Multi Org Login,tag,1656942,admin,NULL
20676600014062,tag.list,1607506982,4575447,Feature/Product Confusion - Resident Dashboard,tag,3543040,admin,NULL
20676600332988,tag.list,1657630243,3423868,Requested details of in home Clinical or Process not Nourish Support,tag,4460916,admin,NULL
20676600500004,tag.list,NULL,NULL,NULL,NULL,NULL,NULL,NULL
20676600939177,tag.list,NULL,NULL,NULL,NULL,NULL,NULL,NULL
20676601087198,tag.list,1704830674,3546110,CIC - General Query,tag,762290,admin,NULL
20676601090632,tag.list,NULL,NULL,NULL,NULL,NULL,NULL,NULL
20676601466436,tag.list,NULL,NULL,NULL,NULL,NULL,NULL,NULL
19621749840,tag.list,1542645724,2190296,Bug - permissions - cannot revert to default,tag,1656942,admin,NULL
20676600009083,tag.list,1605624331,4781710,17112020 - Slowdown,tag,3543040,admin,NULL
20676600234991,tag.list,1648739567,3669083,Planned Maintenance - Question,tag,4460916,admin,NULL
20676600771433,tag.list,NULL,NULL,NULL,NULL,NULL,NULL,NULL
20676600776298,tag.list,NULL,NULL,NULL,NULL,NULL,NULL,NULL
20676601456083,tag.list,1719838535,9450583,Slowdown/Outage 2024 (Fires Workflow),tag,6461379,admin,NULL
20676601456083,tag.list,1719843625,9176729,Team - Support Level 1,tag,762290,admin,NULL
20676600078663,tag.list,NULL,NULL,NULL,NULL,NULL,NULL,NULL
20676600264246,tag.list,1652295572,4127432,Feature/product confusion - Body Map,tag,4460916,admin,NULL
20676600747963,tag.list,NULL,NULL,NULL,NULL,NULL,NULL,NULL
20676601013252,tag.list,1701118547,8099517,Feature/Product Confusion - General Interactions,tag,6644835,admin,NULL
20676601095505,tag.list,NULL,NULL,NULL,NULL,NULL,NULL,NULL
20676601179785,tag.list,1707735780,7836199,NEW USER WITHIN 30 DAYS,tag,762290,admin,NULL
20676601179785,tag.list,1707735780,7836200,NEW USER WITHIN 60 DAYS,tag,762290,admin,NULL
20676601179785,tag.list,1707738346,8655586,Bot - No Response Closed,tag,6461379,admin,NULL
20676601345178,tag.list,NULL,NULL,NULL,NULL,NULL,NULL,NULL
20676601349607,tag.list,NULL,NULL,NULL,NULL,NULL,NULL,NULL
20676600138070,tag.list,NULL,NULL,NULL,NULL,NULL,NULL,NULL
20676600177585,tag.list,1638285235,2610387,Cornwall Care - PC Login Issue - Device Management,tag,4460916,admin,NULL
20676601088899,tag.list,NULL,NULL,NULL,NULL,NULL,NULL,NULL
20676601407121,tag.list,NULL,NULL,NULL,NULL,NULL,NULL,NULL
27061443044,tag.list,1589390314,2161368,Request - Resident Home Transfer,tag,3543040,admin,NULL
20676600000480,tag.list,1593614262,2158483,Device - Return,tag,3061887,admin,NULL
20676600000673,tag.list,1594129411,2158656,Request - Multi Org Login,tag,3543040,admin,NULL
20676600451149,tag.list,NULL,NULL,NULL,NULL,NULL,NULL,NULL
20676600977237,tag.list,NULL,NULL,NULL,NULL,NULL,NULL,NULL
20676601350039,tag.list,NULL,NULL,NULL,NULL,NULL,NULL,NULL
20360290769,tag.list,1547126318,2158452,Request - Multi-org copy Interaction / form,tag,1656942,admin,NULL
20676600385790,tag.list,NULL,NULL,NULL,NULL,NULL,NULL,NULL
20676600654934,tag.list,1677773964,6347101,trainer test,tag,5550784,admin,NULL
20676600973698,tag.list,NULL,NULL,NULL,NULL,NULL,NULL,NULL
20676601070242,tag.list,NULL,NULL,NULL,NULL,NULL,NULL,NULL
20676601361996,tag.list,1715605949,7836199,NEW USER WITHIN 30 DAYS,tag,762290,admin,NULL
20676601361996,tag.list,1715605949,7836200,NEW USER WITHIN 60 DAYS,tag,762290,admin,NULL
20676601300856,tag.list,NULL,NULL,NULL,NULL,NULL,NULL,NULL
20676601359894,tag.list,1715255088,2158656,Request - Multi Org Login,tag,762290,admin,NULL
20676601534390,tag.list,NULL,NULL,NULL,NULL,NULL,NULL,NULL
24310274736,tag.list,1572430663,2161057,Feature/product confusion - Linking Interactions to care plan section,tag,3543040,admin,NULL
20676600519366,tag.list,NULL,NULL,NULL,NULL,NULL,NULL,NULL
20676600592106,tag.list,NULL,NULL,NULL,NULL,NULL,NULL,NULL
20676600670612,tag.list,1678456201,7836199,NEW USER WITHIN 30 DAYS,tag,762290,admin,NULL
20676600670612,tag.list,1678456202,7836200,NEW USER WITHIN 60 DAYS,tag,762290,admin,NULL
20676601093491,tag.list,1705921694,8904191,Slowdown - Production 22/01/2024,tag,6461379,admin,NULL
20676601467448,tag.list,1720541753,7836200,NEW USER WITHIN 60 DAYS,tag,762290,admin,NULL
20676601467448,tag.list,1720541753,8743420,CarePlanner [Plug-In],tag,762290,admin,NULL
20676601467448,tag.list,1720541754,9578413,Authorised To Request Resident Transfers,tag,762290,admin,NULL
20676601467448,tag.list,1720541766,9176729,Team - Support Level 1,tag,762290,admin,NULL
20676601647448,tag.list,1726375621,7836200,NEW USER WITHIN 60 DAYS,tag,762290,admin,NULL
20676601647448,tag.list,1726375622,7836199,NEW USER WITHIN 30 DAYS,tag,762290,admin,NULL
20676601647448,tag.list,1726375623,5859886,NEW USER WITHIN 7 DAYS,tag,762290,admin,NULL
23485090432,tag.list,1567351950,2162921,Reporting - How to create reports,tag,1656942,admin,NULL
24209833163,tag.list,1571746371,2296587,Feature/product confusion - Supporting Documents,tag,3061887,admin,NULL
24209833163,tag.list,1571818515,2296587,Feature/product confusion - Supporting Documents,tag,3061887,admin,NULL
20676600601755,tag.list,NULL,NULL,NULL,NULL,NULL,NULL,NULL
20676600979676,tag.list,NULL,NULL,NULL,NULL,NULL,NULL,NULL
20676601085966,tag.list,NULL,NULL,NULL,NULL,NULL,NULL,NULL
20676601252046,tag.list,NULL,NULL,NULL,NULL,NULL,NULL,NULL
20676601410888,tag.list,NULL,NULL,NULL,NULL,NULL,NULL,NULL
20676601426711,tag.list,1718982610,7836200,NEW USER WITHIN 60 DAYS,tag,762290,admin,NULL
23857974862,tag.list,1569597384,2158452,Request - Multi-org copy Interaction / form,tag,424810,admin,NULL
20676601318775,tag.list,1712913261,5859886,NEW USER WITHIN 7 DAYS,tag,762290,admin,NULL
20676601318775,tag.list,1712913261,7836199,NEW USER WITHIN 30 DAYS,tag,762290,admin,NULL
20676601318775,tag.list,1712913262,7836200,NEW USER WITHIN 60 DAYS,tag,762290,admin,NULL
20676601457855,tag.list,NULL,NULL,NULL,NULL,NULL,NULL,NULL
20676601459247,tag.list,NULL,NULL,NULL,NULL,NULL,NULL,NULL
21403346613,tag.list,1553854161,2158409,Feature/Product Confusion - Organisation Interactions,tag,424810,admin,NULL
21403346613,tag.list,1553852560,2229833,Permissions - Request change,tag,1656942,admin,NULL
25887926654,tag.list,1582550297,2780554,Performance - Reporting,tag,3543040,admin,NULL
20676600051802,tag.list,NULL,NULL,NULL,NULL,NULL,NULL,NULL
20676600427221,tag.list,NULL,NULL,NULL,NULL,NULL,NULL,NULL
20676600431587,tag.list,NULL,NULL,NULL,NULL,NULL,NULL,NULL
20676600707351,tag.list,NULL,NULL,NULL,NULL,NULL,NULL,NULL
20676600968383,tag.list,NULL,NULL,NULL,NULL,NULL,NULL,NULL
20676601247076,tag.list,1710839214,2158656,Request - Multi Org Login,tag,762290,admin,NULL
20676601308686,tag.list,NULL,NULL,NULL,NULL,NULL,NULL,NULL
20676600310902,tag.list,NULL,NULL,NULL,NULL,NULL,NULL,NULL
20676600678781,tag.list,1678858524,7836199,NEW USER WITHIN 30 DAYS,tag,762290,admin,NULL
20676600678781,tag.list,1678858524,7836200,NEW USER WITHIN 60 DAYS,tag,762290,admin,NULL
20676600382206,tag.list,1661415870,6666133,assessment change,tag,5550784,admin,NULL
25859945778,tag.list,1582372850,2158407,Feature/product confusion - Daily Fluid intake,tag,3061887,admin,NULL
26007587561,tag.list,NULL,NULL,NULL,NULL,NULL,NULL,NULL
20676600642780,tag.list,NULL,NULL,NULL,NULL,NULL,NULL,NULL
20676600056617,tag.list,NULL,NULL,NULL,NULL,NULL,NULL,NULL
20676600187721,tag.list,NULL,NULL,NULL,NULL,NULL,NULL,NULL
20676600201589,tag.list,NULL,NULL,NULL,NULL,NULL,NULL,NULL
20676600285497,tag.list,1654629026,3546110,CIC - General Query,tag,762290,admin,NULL
20676600387863,tag.list,NULL,NULL,NULL,NULL,NULL,NULL,NULL
20676600429785,tag.list,NULL,NULL,NULL,NULL,NULL,NULL,NULL
20676600494542,tag.list,NULL,NULL,NULL,NULL,NULL,NULL,NULL
20676600537449,tag.list,NULL,NULL,NULL,NULL,NULL,NULL,NULL
20676601239317,tag.list,NULL,NULL,NULL,NULL,NULL,NULL,NULL
20676601297206,tag.list,1712131220,7836200,NEW USER WITHIN 60 DAYS,tag,762290,admin,NULL
20676601297206,tag.list,1712131220,8743420,CarePlanner [Plug-In],tag,762290,admin,NULL
20676601335115,tag.list,NULL,NULL,NULL,NULL,NULL,NULL,NULL
20676601364679,tag.list,NULL,NULL,NULL,NULL,NULL,NULL,NULL
20676601445293,tag.list,NULL,NULL,NULL,NULL,NULL,NULL,NULL
20676601552007,tag.list,NULL,NULL,NULL,NULL,NULL,NULL,NULL
20676601569948,tag.list,1723468476,9158429,Abandoned chat,tag,4412924,admin,NULL
20676601655069,tag.list,1727119999,9996614,23/09/2024 Migration Mass Close By JCantello,tag,6461379,admin,NULL
22326948505,tag.list,1559723132,2158656,Request - Multi Org Login,tag,424810,admin,NULL
24092455888,tag.list,1571070448,2158475,Quickclose Tags – How to set up,tag,3061887,admin,NULL
20676600002931,tag.list,1599568012,3546110,CIC - General Query,tag,762290,admin,NULL
20676600232993,tag.list,NULL,NULL,NULL,NULL,NULL,NULL,NULL
20676600242547,tag.list,1650306832,3546110,CIC - General Query,tag,762290,admin,NULL
20676600242547,tag.list,1650400919,3199208,Faulty Device - Non Repairable/Out of Warranty,tag,4460916,admin,NULL
20676600532033,tag.list,NULL,NULL,NULL,NULL,NULL,NULL,NULL
20676600880082,tag.list,NULL,NULL,NULL,NULL,NULL,NULL,NULL
20676601093538,tag.list,1705922294,8904191,Slowdown - Production 22/01/2024,tag,4412924,admin,NULL
20676601298276,tag.list,1712143699,3546110,CIC - General Query,tag,762290,admin,NULL
24292223870,tag.list,1572257433,2378742,Request - New Feature - Print Handover Report (today &amp; between dates),tag,2977329,admin,NULL
13112043557,tag.list,NULL,NULL,NULL,NULL,NULL,NULL,NULL
20676600384056,tag.list,NULL,NULL,NULL,NULL,NULL,NULL,NULL
20676600677770,tag.list,1678792817,7836200,NEW USER WITHIN 60 DAYS,tag,762290,admin,NULL
20676601074132,tag.list,NULL,NULL,NULL,NULL,NULL,NULL,NULL
20676601143454,tag.list,1707231304,7836199,NEW USER WITHIN 30 DAYS,tag,762290,admin,NULL
20676601143454,tag.list,1707231305,7836200,NEW USER WITHIN 60 DAYS,tag,762290,admin,NULL
20676601575216,tag.list,1723448973,5859886,NEW USER WITHIN 7 DAYS,tag,762290,admin,NULL
20676601575216,tag.list,1723448973,7836199,NEW USER WITHIN 30 DAYS,tag,762290,admin,NULL
20676601575216,tag.list,1723448973,7836200,NEW USER WITHIN 60 DAYS,tag,762290,admin,NULL
20676600974935,tag.list,NULL,NULL,NULL,NULL,NULL,NULL,NULL
20676601033760,tag.list,1701539372,7836199,NEW USER WITHIN 30 DAYS,tag,762290,admin,NULL
20676601033760,tag.list,1701539372,7836200,NEW USER WITHIN 60 DAYS,tag,762290,admin,NULL
20676601033760,tag.list,1702290010,8486275,Request - General Guide,tag,6644835,admin,NULL
20676601088426,tag.list,1704988206,5859886,NEW USER WITHIN 7 DAYS,tag,762290,admin,NULL
20676601088426,tag.list,1704988206,7836199,NEW USER WITHIN 30 DAYS,tag,762290,admin,NULL
20676601088426,tag.list,1704988206,7836200,NEW USER WITHIN 60 DAYS,tag,762290,admin,NULL
20676601333800,tag.list,NULL,NULL,NULL,NULL,NULL,NULL,NULL
20676601591283,tag.list,1723924077,7836200,NEW USER WITHIN 60 DAYS,tag,762290,admin,NULL
23071931770,tag.list,1564599013,2158656,Request - Multi Org Login,tag,3061887,admin,NULL
24104937542,tag.list,NULL,NULL,NULL,NULL,NULL,NULL,NULL
20676600241658,tag.list,1649946898,2160831,Feature/product confusion - not understanding MUST,tag,4460916,admin,NULL
20676600694034,tag.list,NULL,NULL,NULL,NULL,NULL,NULL,NULL
20676601140423,tag.list,1707221331,3534732,User error - Deleted Interaction,tag,762290,admin,NULL
25762241044,tag.list,1581615678,2201710,Feature/product confusion - import care plan,tag,3543040,admin,NULL
20676600571637,tag.list,NULL,NULL,NULL,NULL,NULL,NULL,NULL
20676600655965,tag.list,NULL,NULL,NULL,NULL,NULL,NULL,NULL
23889931304,tag.list,NULL,NULL,NULL,NULL,NULL,NULL,NULL
20676600235660,tag.list,1648647804,5859886,NEW USER WITHIN 7 DAYS,tag,762290,admin,NULL
20676600442482,tag.list,1665575569,2963348,Superuser - Assign User,tag,5550784,admin,NULL
20676600594583,tag.list,NULL,NULL,NULL,NULL,NULL,NULL,NULL
20676601355695,tag.list,NULL,NULL,NULL,NULL,NULL,NULL,NULL
20676601366215,tag.list,1716227027,7836200,NEW USER WITHIN 60 DAYS,tag,762290,admin,NULL
23603148940,tag.list,1568108919,2172421,Feature/product confusion - adding assessment to care plan Log,tag,3061887,admin,NULL
20676600238114,tag.list,NULL,NULL,NULL,NULL,NULL,NULL,NULL
20676601189091,tag.list,NULL,NULL,NULL,NULL,NULL,NULL,NULL
20676601342263,tag.list,NULL,NULL,NULL,NULL,NULL,NULL,NULL
20676601408930,tag.list,NULL,NULL,NULL,NULL,NULL,NULL,NULL
20676600476105,tag.list,NULL,NULL,NULL,NULL,NULL,NULL,NULL
20676600712547,tag.list,1681202227,7836200,NEW USER WITHIN 60 DAYS,tag,762290,admin,NULL
20676600712547,tag.list,1681204284,2963348,Superuser - Assign User,tag,5185998,admin,NULL
20676600950196,tag.list,NULL,NULL,NULL,NULL,NULL,NULL,NULL
20676601035386,tag.list,NULL,NULL,NULL,NULL,NULL,NULL,NULL
20676601083602,tag.list,NULL,NULL,NULL,NULL,NULL,NULL,NULL
20676601094956,tag.list,1706524193,8655586,Bot - No Response Closed,tag,4460916,admin,NULL
20676601411659,tag.list,NULL,NULL,NULL,NULL,NULL,NULL,NULL
20676601458720,tag.list,1719917765,9578413,Authorised To Request Resident Transfers,tag,762290,admin,NULL
26281049132,tag.list,1584982970,2161266,Permissions - Unable to access timeline/resident,tag,3061887,admin,NULL
20676600198756,tag.list,1642576733,3305481,Feature/Product Confusion - Personalised Interactions,tag,3747084,admin,NULL
20676600971868,tag.list,NULL,NULL,NULL,NULL,NULL,NULL,NULL
20676601195492,tag.list,NULL,NULL,NULL,NULL,NULL,NULL,NULL
20676601472742,tag.list,NULL,NULL,NULL,NULL,NULL,NULL,NULL
20676600002394,tag.list,1597941998,2161368,Request - Resident Home Transfer,tag,3061887,admin,NULL
20676600267256,tag.list,NULL,NULL,NULL,NULL,NULL,NULL,NULL
20676600348217,tag.list,1659014968,3546110,CIC - General Query,tag,762290,admin,NULL
20676600474637,tag.list,NULL,NULL,NULL,NULL,NULL,NULL,NULL
20676600606767,tag.list,1675680506,6661623,Request- Resident Transfer,tag,5550784,admin,NULL
20676601215367,tag.list,NULL,NULL,NULL,NULL,NULL,NULL,NULL
20676601460418,tag.list,1720009475,7836200,NEW USER WITHIN 60 DAYS,tag,762290,admin,NULL
22551310628,tag.list,NULL,NULL,NULL,NULL,NULL,NULL,NULL
20676600958839,tag.list,1696407082,7836200,NEW USER WITHIN 60 DAYS,tag,762290,admin,NULL
20676600958839,tag.list,1696411719,2875936,Feature/Product Confusion - Roles,tag,6461379,admin,NULL
20676601084349,tag.list,NULL,NULL,NULL,NULL,NULL,NULL,NULL
20676601407141,tag.list,NULL,NULL,NULL,NULL,NULL,NULL,NULL
20676601407391,tag.list,NULL,NULL,NULL,NULL,NULL,NULL,NULL
20676601472851,tag.list,1721244199,7836200,NEW USER WITHIN 60 DAYS,tag,762290,admin,NULL
25321708697,tag.list,1578647958,2293741,User Error - Login/out,tag,3543040,admin,NULL
20676600218822,tag.list,NULL,NULL,NULL,NULL,NULL,NULL,NULL
20676600897751,tag.list,1692219238,8242481,Device - Non Nourish Device,tag,6461379,admin,NULL
21488836031,tag.list,1554376973,2158656,Request - Multi Org Login,tag,3061887,admin,NULL
24939684277,tag.list,1575969018,2875936,Feature/Product Confusion - Roles,tag,424810,admin,NULL
13430865923,tag.list,NULL,NULL,NULL,NULL,NULL,NULL,NULL
20676600104649,tag.list,NULL,NULL,NULL,NULL,NULL,NULL,NULL
20676600703435,tag.list,NULL,NULL,NULL,NULL,NULL,NULL,NULL
20676600976326,tag.list,NULL,NULL,NULL,NULL,NULL,NULL,NULL
20676600978429,tag.list,NULL,NULL,NULL,NULL,NULL,NULL,NULL
20676601381513,tag.list,NULL,NULL,NULL,NULL,NULL,NULL,NULL
20676601456514,tag.list,1719837575,9450583,Slowdown/Outage 2024 (Fires Workflow),tag,6461379,admin,NULL
20676601456514,tag.list,1719843614,9176729,Team - Support Level 1,tag,762290,admin,NULL
20728978769,tag.list,1549560612,2158480,"Device - Lost, Help Tracking",tag,424810,admin,NULL
20676600215053,tag.list,NULL,NULL,NULL,NULL,NULL,NULL,NULL
20676601092013,tag.list,1705602660,7836199,NEW USER WITHIN 30 DAYS,tag,762290,admin,NULL
20676601092013,tag.list,1705602660,7836200,NEW USER WITHIN 60 DAYS,tag,762290,admin,NULL
20676601370788,tag.list,NULL,NULL,NULL,NULL,NULL,NULL,NULL
23036342533,tag.list,1564412484,2158656,Request - Multi Org Login,tag,3061887,admin,NULL
27135657652,tag.list,1589891684,2168625,Bug - Unexpected Error displayed on App only,tag,3061887,admin,NULL
15192997330,tag.list,NULL,NULL,NULL,NULL,NULL,NULL,NULL
20676600107883,tag.list,NULL,NULL,NULL,NULL,NULL,NULL,NULL
20676600499565,tag.list,NULL,NULL,NULL,NULL,NULL,NULL,NULL
20676600582400,tag.list,1673819852,4994225,Book a Demo - Out of Hours - More questions,tag,762290,admin,NULL
20676600583122,tag.list,1673939652,7181642,Request - Devices Order,tag,5550784,admin,NULL
20676600907372,tag.list,1692290127,7873873,Moved to Customer Success,tag,6461379,admin,NULL
20676601354781,tag.list,NULL,NULL,NULL,NULL,NULL,NULL,NULL
20676600050553,tag.list,NULL,NULL,NULL,NULL,NULL,NULL,NULL
20676600274842,tag.list,1653307902,2160993,Feature/product confusion - Importing Timeline,tag,4460916,admin,NULL
20676600764323,tag.list,NULL,NULL,NULL,NULL,NULL,NULL,NULL
20676601029222,tag.list,NULL,NULL,NULL,NULL,NULL,NULL,NULL
20676601090915,tag.list,NULL,NULL,NULL,NULL,NULL,NULL,NULL
20676601251568,tag.list,NULL,NULL,NULL,NULL,NULL,NULL,NULL
20676601251873,tag.list,NULL,NULL,NULL,NULL,NULL,NULL,NULL
20676601357659,tag.list,1716388734,8375016,General - Query,tag,4412924,admin,NULL
20676601571784,tag.list,1723107014,9578413,Authorised To Request Resident Transfers,tag,762290,admin,NULL
20676601590327,tag.list,NULL,NULL,NULL,NULL,NULL,NULL,NULL
18042374613,tag.list,NULL,NULL,NULL,NULL,NULL,NULL,NULL
20676600000035,tag.list,1592385479,3654567,Feature/product confusion - Past Versions,tag,3061887,admin,NULL
20676600064123,tag.list,NULL,NULL,NULL,NULL,NULL,NULL,NULL
20676600456292,tag.list,NULL,NULL,NULL,NULL,NULL,NULL,NULL
20676600945768,tag.list,NULL,NULL,NULL,NULL,NULL,NULL,NULL
20676601081950,tag.list,NULL,NULL,NULL,NULL,NULL,NULL,NULL
20676601241762,tag.list,NULL,NULL,NULL,NULL,NULL,NULL,NULL
24863132894,tag.list,1575463250,2158656,Request - Multi Org Login,tag,424810,admin,NULL
11257039800,tag.list,NULL,NULL,NULL,NULL,NULL,NULL,NULL
20676600142601,tag.list,NULL,NULL,NULL,NULL,NULL,NULL,NULL
20676600701126,tag.list,1680514149,3546110,CIC - General Query,tag,762290,admin,NULL
20676600701126,tag.list,1680786449,2160831,Feature/product confusion - not understanding MUST,tag,6461379,admin,NULL
20676600977741,tag.list,1699529219,7836200,NEW USER WITHIN 60 DAYS,tag,762290,admin,NULL
20676601076519,tag.list,1703064232,8662109,Reporting - Reports Time Limit,tag,6461379,admin,NULL
20676601212080,tag.list,NULL,NULL,NULL,NULL,NULL,NULL,NULL
20676601414527,tag.list,NULL,NULL,NULL,NULL,NULL,NULL,NULL
20676601589872,tag.list,NULL,NULL,NULL,NULL,NULL,NULL,NULL
20676601654616,tag.list,1727119992,9996614,23/09/2024 Migration Mass Close By JCantello,tag,6461379,admin,NULL
21316305260,tag.list,1553262393,2201844,Permissions - Changing status/permissions,tag,1656942,admin,NULL
22521579428,tag.list,1560953004,2172421,Feature/product confusion - adding assessment to care plan Log,tag,3061887,admin,NULL
20676600060047,tag.list,NULL,NULL,NULL,NULL,NULL,NULL,NULL
20676600202427,tag.list,NULL,NULL,NULL,NULL,NULL,NULL,NULL
20676600499022,tag.list,NULL,NULL,NULL,NULL,NULL,NULL,NULL
20676600951252,tag.list,1696451974,8379363,Device - Purchase,tag,6644835,admin,NULL
20676601352792,tag.list,NULL,NULL,NULL,NULL,NULL,NULL,NULL
26341330024,tag.list,1585228141,2158409,Feature/Product Confusion - Organisation Interactions,tag,3061887,admin,NULL
17111356256,tag.list,NULL,NULL,NULL,NULL,NULL,NULL,NULL
19508412311,tag.list,1542039648,2169407,Feature/product confusion - Adding Parameter,tag,1656942,admin,NULL
20676600003341,tag.list,1600510265,2158403,Feature/Product Confusion - Device Management,tag,3747084,admin,NULL
20676600141933,tag.list,1634656164,2158475,Quickclose Tags – How to set up,tag,4460916,admin,NULL
20676600203833,tag.list,NULL,NULL,NULL,NULL,NULL,NULL,NULL
20676600314103,tag.list,NULL,NULL,NULL,NULL,NULL,NULL,NULL
20676600521966,tag.list,NULL,NULL,NULL,NULL,NULL,NULL,NULL
20676600958455,tag.list,1696339067,8375016,General - Query,tag,4412924,admin,NULL
20676601654919,tag.list,1727119995,9996614,23/09/2024 Migration Mass Close By JCantello,tag,6461379,admin,NULL
20676600845394,tag.list,NULL,NULL,NULL,NULL,NULL,NULL,NULL
20676601198946,tag.list,1708661944,7836200,NEW USER WITHIN 60 DAYS,tag,762290,admin,NULL
20676600002058,tag.list,1597158982,2540300,Mobile Device - Release handset from Mobile Iron,tag,3747084,admin,NULL
20676600203567,tag.list,1643565027,5859886,NEW USER WITHIN 7 DAYS,tag,762290,admin,NULL
20676600407162,tag.list,NULL,NULL,NULL,NULL,NULL,NULL,NULL
20676600623493,tag.list,NULL,NULL,NULL,NULL,NULL,NULL,NULL
20676601358480,tag.list,1715071779,2158656,Request - Multi Org Login,tag,762290,admin,NULL
26820250326,tag.list,1587985096,2817394,"Request - New Feature - upload video clips (i.e training, instructions)",tag,3061887,admin,NULL
20459124332,tag.list,1547742036,2158452,Request - Multi-org copy Interaction / form,tag,1656942,admin,NULL
20676600595465,tag.list,NULL,NULL,NULL,NULL,NULL,NULL,NULL
20676600940637,tag.list,NULL,NULL,NULL,NULL,NULL,NULL,NULL
20676601655579,tag.list,1726820331,5135621,OSJCT,tag,762290,admin,NULL
24744319930,tag.list,1574935105,2163516,Bug - wrong language displayed,tag,3543040,admin,NULL
24756890472,tag.list,1574952559,2158411,Feature/Product Confusion - Scheduling,tag,424810,admin,NULL
17257354329,tag.list,NULL,NULL,NULL,NULL,NULL,NULL,NULL
20676600050141,tag.list,NULL,NULL,NULL,NULL,NULL,NULL,NULL
20676600057801,tag.list,NULL,NULL,NULL,NULL,NULL,NULL,NULL
20676600077557,tag.list,1621405544,5186114,Feature/product confusion - Nourish Insights,tag,4460916,admin,NULL
20676600263634,tag.list,1652188635,5859886,NEW USER WITHIN 7 DAYS,tag,762290,admin,NULL
20676600263634,tag.list,1652293048,2169407,Feature/product confusion - Adding Parameter,tag,4460916,admin,NULL
20676600592932,tag.list,1674296485,3546110,CIC - General Query,tag,762290,admin,NULL
20676600947882,tag.list,NULL,NULL,NULL,NULL,NULL,NULL,NULL
20676601030854,tag.list,1701215023,5135621,OSJCT,tag,762290,admin,NULL
20676601030854,tag.list,1701215023,7836200,NEW USER WITHIN 60 DAYS,tag,762290,admin,NULL
20676601030854,tag.list,1701763475,2158475,Quickclose Tags – How to set up,tag,6644835,admin,NULL
20676601364844,tag.list,1715965580,8743420,CarePlanner [Plug-In],tag,762290,admin,NULL
25298553325,tag.list,1578417437,2160831,Feature/product confusion - not understanding MUST,tag,3543040,admin,NULL
20676600241226,tag.list,1649946729,2158656,Request - Multi Org Login,tag,4460916,admin,NULL
20676600496976,tag.list,NULL,NULL,NULL,NULL,NULL,NULL,NULL
20676600701351,tag.list,NULL,NULL,NULL,NULL,NULL,NULL,NULL
20676601096684,tag.list,NULL,NULL,NULL,NULL,NULL,NULL,NULL
20676601429474,tag.list,1719068995,9578413,Authorised To Request Resident Transfers,tag,762290,admin,NULL
20676601632347,tag.list,1725625258,7836200,NEW USER WITHIN 60 DAYS,tag,762290,admin,NULL
20676601632347,tag.list,1725625259,7836199,NEW USER WITHIN 30 DAYS,tag,762290,admin,NULL
20676601632347,tag.list,1725625260,9578413,Authorised To Request Resident Transfers,tag,762290,admin,NULL
20676601655000,tag.list,1727119996,9996614,23/09/2024 Migration Mass Close By JCantello,tag,6461379,admin,NULL
20676600431783,tag.list,1665143709,3546110,CIC - General Query,tag,762290,admin,NULL
20676600438980,tag.list,NULL,NULL,NULL,NULL,NULL,NULL,NULL
20676600608502,tag.list,NULL,NULL,NULL,NULL,NULL,NULL,NULL
20676600960525,tag.list,1699630667,8140664,Personalised Care Pathways,tag,6461379,admin,NULL
20676600960525,tag.list,1699630667,8356465,Personalised Care Pathways (Admission pathway),tag,6461379,admin,NULL
20676601401879,tag.list,1718021759,5135621,OSJCT,tag,762290,admin,NULL
23049716514,tag.list,1564496748,2949853,Performance - Server Slowdown 30072019,tag,3061887,admin,NULL
25216646523,tag.list,1577810676,2161368,Request - Resident Home Transfer,tag,3061887,admin,NULL
26368545594,tag.list,1585329361,2158407,Feature/product confusion - Daily Fluid intake,tag,3061887,admin,NULL
20676600050002,tag.list,1615555703,2158476,Order – Additional Handset,tag,4460916,admin,NULL
20676600442581,tag.list,NULL,NULL,NULL,NULL,NULL,NULL,NULL
20676600515980,tag.list,NULL,NULL,NULL,NULL,NULL,NULL,NULL
20676600977455,tag.list,NULL,NULL,NULL,NULL,NULL,NULL,NULL
20676601086400,tag.list,NULL,NULL,NULL,NULL,NULL,NULL,NULL
20676601466809,tag.list,1720518395,2158361,Test Call - Training,tag,6461379,admin,NULL
20676601468658,tag.list,NULL,NULL,NULL,NULL,NULL,NULL,NULL
20676601568531,tag.list,1722930219,9578413,Authorised To Request Resident Transfers,tag,762290,admin,NULL
20676600342114,tag.list,NULL,NULL,NULL,NULL,NULL,NULL,NULL
20676601009338,tag.list,1700323777,7836199,NEW USER WITHIN 30 DAYS,tag,762290,admin,NULL
20676601009338,tag.list,1700323777,7836200,NEW USER WITHIN 60 DAYS,tag,762290,admin,NULL
20676601090842,tag.list,NULL,NULL,NULL,NULL,NULL,NULL,NULL
20676601423582,tag.list,NULL,NULL,NULL,NULL,NULL,NULL,NULL
20676601467620,tag.list,NULL,NULL,NULL,NULL,NULL,NULL,NULL
26095397545,tag.list,NULL,NULL,NULL,NULL,NULL,NULL,NULL
20030145866,tag.list,NULL,NULL,NULL,NULL,NULL,NULL,NULL
20676600003251,tag.list,NULL,NULL,NULL,NULL,NULL,NULL,NULL
20676600096828,tag.list,1626182512,2161368,Request - Resident Home Transfer,tag,3543040,admin,NULL
20676600178029,tag.list,1638462255,2158405,Feature/product confusion - Circle of Care,tag,4460916,admin,NULL
20676600318464,tag.list,NULL,NULL,NULL,NULL,NULL,NULL,NULL
20676600955009,tag.list,NULL,NULL,NULL,NULL,NULL,NULL,NULL
20676601087829,tag.list,NULL,NULL,NULL,NULL,NULL,NULL,NULL
20676601465268,tag.list,1720420461,9578413,Authorised To Request Resident Transfers,tag,762290,admin,NULL
20676601547408,tag.list,NULL,NULL,NULL,NULL,NULL,NULL,NULL
20676600520763,tag.list,NULL,NULL,NULL,NULL,NULL,NULL,NULL
20676600703461,tag.list,NULL,NULL,NULL,NULL,NULL,NULL,NULL
20676601080134,tag.list,NULL,NULL,NULL,NULL,NULL,NULL,NULL
20676601230650,tag.list,NULL,NULL,NULL,NULL,NULL,NULL,NULL
20676601329909,tag.list,NULL,NULL,NULL,NULL,NULL,NULL,NULL
20676601456572,tag.list,1719837576,9450583,Slowdown/Outage 2024 (Fires Workflow),tag,6461379,admin,NULL
20676601456572,tag.list,1719843609,9176729,Team - Support Level 1,tag,762290,admin,NULL
20676601461296,tag.list,1720603183,9625987,Slowdown/Outage Seacole/Production 03/07/2024,tag,6644835,admin,NULL
26529932760,tag.list,1586250058,2158411,Feature/Product Confusion - Scheduling,tag,3543040,admin,NULL
16509663586,tag.list,NULL,NULL,NULL,NULL,NULL,NULL,NULL
20676600002974,tag.list,NULL,NULL,NULL,NULL,NULL,NULL,NULL
20676600177434,tag.list,1638288215,6067661,serverdown301121,tag,3747084,admin,NULL
20676600177434,tag.list,1694018061,8448240,Org Server Down 06/09/23,tag,6461379,admin,NULL
20676600956461,tag.list,NULL,NULL,NULL,NULL,NULL,NULL,NULL
20676601242766,tag.list,1710425910,7836200,NEW USER WITHIN 60 DAYS,tag,762290,admin,NULL
20676601355006,tag.list,1714475992,7836200,NEW USER WITHIN 60 DAYS,tag,762290,admin,NULL
20676601355006,tag.list,1714475992,8743420,CarePlanner [Plug-In],tag,762290,admin,NULL
20676601403969,tag.list,NULL,NULL,NULL,NULL,NULL,NULL,NULL
20676601464355,tag.list,NULL,NULL,NULL,NULL,NULL,NULL,NULL
18610280887,tag.list,NULL,NULL,NULL,NULL,NULL,NULL,NULL
20676600003510,tag.list,1600958373,2169639,Feature/product confusion - Care Plan - Archive/unarchive,tag,3747084,admin,NULL
20676600093526,tag.list,NULL,NULL,NULL,NULL,NULL,NULL,NULL
20676600101759,tag.list,NULL,NULL,NULL,NULL,NULL,NULL,NULL
20676600278137,tag.list,1653395280,3546110,CIC - General Query,tag,762290,admin,NULL
20676600278137,tag.list,1653398374,6870128,server 24/05/22,tag,5320068,admin,NULL
20676600331533,tag.list,NULL,NULL,NULL,NULL,NULL,NULL,NULL
20676600458919,tag.list,NULL,NULL,NULL,NULL,NULL,NULL,NULL
20676600472989,tag.list,NULL,NULL,NULL,NULL,NULL,NULL,NULL
20676600522083,tag.list,NULL,NULL,NULL,NULL,NULL,NULL,NULL
20676600610557,tag.list,1676283575,2917427,Device - App Crashing,tag,5550784,admin,NULL
20676600948637,tag.list,1695120320,8099517,Feature/Product Confusion - General Interactions,tag,6644835,admin,NULL
20676600975731,tag.list,NULL,NULL,NULL,NULL,NULL,NULL,NULL
20676601451404,tag.list,1719497578,9578413,Authorised To Request Resident Transfers,tag,762290,admin,NULL
20699429323,tag.list,1549361900,2390485,Mobile Device - accessing documents other than PDF,tag,1656942,admin,NULL
20676600316130,tag.list,1656398188,2453996,Feature/Product Confusion - Delete/Edit entry on timeline,tag,4460916,admin,NULL
20676600002153,tag.list,NULL,NULL,NULL,NULL,NULL,NULL,NULL
20676600045698,tag.list,NULL,NULL,NULL,NULL,NULL,NULL,NULL
20676600177282,tag.list,1638287373,6067661,serverdown301121,tag,3747084,admin,NULL
20676600496493,tag.list,NULL,NULL,NULL,NULL,NULL,NULL,NULL
20676601080509,tag.list,1703364312,8826266,Slowdown/OutageSeacole23122023,tag,4412924,admin,NULL
20676601308581,tag.list,1712655507,7836199,NEW USER WITHIN 30 DAYS,tag,762290,admin,NULL
20676601308581,tag.list,1712655507,7836200,NEW USER WITHIN 60 DAYS,tag,762290,admin,NULL
24258866757,tag.list,1573558283,2610645,Request - New Feature - Add Profile Photo from Handsets,tag,659660,admin,NULL
20676600084446,tag.list,1623650249,2158405,Feature/product confusion - Circle of Care,tag,4460916,admin,NULL
20676600314422,tag.list,NULL,NULL,NULL,NULL,NULL,NULL,NULL
20676600442929,tag.list,NULL,NULL,NULL,NULL,NULL,NULL,NULL
20676600454118,tag.list,NULL,NULL,NULL,NULL,NULL,NULL,NULL
20676600966078,tag.list,1697581321,2293741,User Error - Login/out,tag,6461379,admin,NULL
20676601098518,tag.list,NULL,NULL,NULL,NULL,NULL,NULL,NULL
20676601460873,tag.list,NULL,NULL,NULL,NULL,NULL,NULL,NULL
25994947691,tag.list,1583247118,2437085,*Organisation Interactions Manager*,tag,3543040,admin,NULL
20594608462,tag.list,1548867483,2158482,Mobile Device – Broken,tag,1656942,admin,NULL
20676600525648,tag.list,NULL,NULL,NULL,NULL,NULL,NULL,NULL
20676600815718,tag.list,NULL,NULL,NULL,NULL,NULL,NULL,NULL
20676601204841,tag.list,NULL,NULL,NULL,NULL,NULL,NULL,NULL
12466315453,tag.list,NULL,NULL,NULL,NULL,NULL,NULL,NULL
20676600607768,tag.list,NULL,NULL,NULL,NULL,NULL,NULL,NULL
20676600964275,tag.list,NULL,NULL,NULL,NULL,NULL,NULL,NULL
20676601534314,tag.list,NULL,NULL,NULL,NULL,NULL,NULL,NULL
25859292629,tag.list,NULL,NULL,NULL,NULL,NULL,NULL,NULL
20676600132399,tag.list,NULL,NULL,NULL,NULL,NULL,NULL,NULL
20676600239817,tag.list,NULL,NULL,NULL,NULL,NULL,NULL,NULL
20676600610440,tag.list,NULL,NULL,NULL,NULL,NULL,NULL,NULL
20676601084539,tag.list,1704385315,7218184,Nourish_Blue,tag,762290,admin,NULL
14023358115,tag.list,NULL,NULL,NULL,NULL,NULL,NULL,NULL
20676600002525,tag.list,1598352324,4507713,25082020 Slowdown,tag,3543040,admin,NULL
20676600125525,tag.list,1631646525,2287803,Browser Related - Google Chrome,tag,3747084,admin,NULL
20676601078674,tag.list,NULL,NULL,NULL,NULL,NULL,NULL,NULL
20676601412297,tag.list,NULL,NULL,NULL,NULL,NULL,NULL,NULL
20676601467614,tag.list,NULL,NULL,NULL,NULL,NULL,NULL,NULL
20676601470991,tag.list,NULL,NULL,NULL,NULL,NULL,NULL,NULL
20676600008884,tag.list,1605525105,2437080,*Device Manager*,tag,3543040,admin,NULL
20676600129435,tag.list,1632134480,3546110,CIC - General Query,tag,762290,admin,NULL
20676600332798,tag.list,NULL,NULL,NULL,NULL,NULL,NULL,NULL
20676600822199,tag.list,NULL,NULL,NULL,NULL,NULL,NULL,NULL
20676600845405,tag.list,NULL,NULL,NULL,NULL,NULL,NULL,NULL
20676601030095,tag.list,NULL,NULL,NULL,NULL,NULL,NULL,NULL
20676601094450,tag.list,NULL,NULL,NULL,NULL,NULL,NULL,NULL
20676601406372,tag.list,NULL,NULL,NULL,NULL,NULL,NULL,NULL
20676600011196,tag.list,1606655480,2161368,Request - Resident Home Transfer,tag,424810,admin,NULL
20676600317576,tag.list,NULL,NULL,NULL,NULL,NULL,NULL,NULL
20676600439148,tag.list,NULL,NULL,NULL,NULL,NULL,NULL,NULL
20676601399009,tag.list,NULL,NULL,NULL,NULL,NULL,NULL,NULL
26918864746,tag.list,1588608958,2161237,Feature/product confusion - Onboarding process,tag,3061887,admin,NULL
20676600088928,tag.list,1624369972,3546110,CIC - General Query,tag,762290,admin,NULL
20676600134352,tag.list,1632833219,3546110,CIC - General Query,tag,762290,admin,NULL
20676600366725,tag.list,NULL,NULL,NULL,NULL,NULL,NULL,NULL
20676600870279,tag.list,NULL,NULL,NULL,NULL,NULL,NULL,NULL
20676600894688,tag.list,NULL,NULL,NULL,NULL,NULL,NULL,NULL
20676600952883,tag.list,1695475838,8503640,Slowdown/OutageProduction23092023,tag,4460916,admin,NULL
20676601182878,tag.list,NULL,NULL,NULL,NULL,NULL,NULL,NULL
20676601470211,tag.list,1720888125,9578413,Authorised To Request Resident Transfers,tag,762290,admin,NULL
20676601638802,tag.list,1726147931,9578413,Authorised To Request Resident Transfers,tag,762290,admin,NULL
20676600230324,tag.list,NULL,NULL,NULL,NULL,NULL,NULL,NULL
20676600848823,tag.list,NULL,NULL,NULL,NULL,NULL,NULL,NULL
20676600973374,tag.list,NULL,NULL,NULL,NULL,NULL,NULL,NULL
20676601036023,tag.list,1701989086,7836200,NEW USER WITHIN 60 DAYS,tag,762290,admin,NULL
20676601344910,tag.list,NULL,NULL,NULL,NULL,NULL,NULL,NULL
20676600103078,tag.list,1628163296,4892258,Recording Critical Information,tag,3543040,admin,NULL
20676600206753,tag.list,1644342265,2433308,Feature/product confusion - setting up warning/alert/alarm,tag,4460916,admin,NULL
20676600280590,tag.list,NULL,NULL,NULL,NULL,NULL,NULL,NULL
20676600508751,tag.list,NULL,NULL,NULL,NULL,NULL,NULL,NULL
20676600850745,tag.list,1689673274,7218184,Nourish_Blue,tag,762290,admin,NULL
20676601402019,tag.list,1718024441,5135621,OSJCT,tag,762290,admin,NULL
20676600084357,tag.list,1623404298,2172446,Feature/Product Confusion - Creating New Carer/Resident,tag,3747084,admin,NULL
20676600714104,tag.list,NULL,NULL,NULL,NULL,NULL,NULL,NULL
20676601032669,tag.list,NULL,NULL,NULL,NULL,NULL,NULL,NULL
20676601308351,tag.list,NULL,NULL,NULL,NULL,NULL,NULL,NULL
20676601456496,tag.list,1719837576,9450583,Slowdown/Outage 2024 (Fires Workflow),tag,6461379,admin,NULL
20676601456496,tag.list,1719843610,9176729,Team - Support Level 1,tag,762290,admin,NULL
20676600034629,tag.list,NULL,NULL,NULL,NULL,NULL,NULL,NULL
20676600084164,tag.list,1623357847,3199208,Faulty Device - Non Repairable/Out of Warranty,tag,4460916,admin,NULL
20676600429478,tag.list,1666194783,7181642,Request - Devices Order,tag,5550784,admin,NULL
20676601090482,tag.list,NULL,NULL,NULL,NULL,NULL,NULL,NULL
20676601239730,tag.list,NULL,NULL,NULL,NULL,NULL,NULL,NULL
20676601248751,tag.list,1710952070,7836199,NEW USER WITHIN 30 DAYS,tag,762290,admin,NULL
20676601248751,tag.list,1710952070,7836200,NEW USER WITHIN 60 DAYS,tag,762290,admin,NULL
20676601300706,tag.list,1712227978,7836199,NEW USER WITHIN 30 DAYS,tag,762290,admin,NULL
20676601300706,tag.list,1712227978,7836200,NEW USER WITHIN 60 DAYS,tag,762290,admin,NULL
20676601333145,tag.list,NULL,NULL,NULL,NULL,NULL,NULL,NULL
20676601364870,tag.list,1717162026,8375016,General - Query,tag,6461379,admin,NULL
17406850105,tag.list,NULL,NULL,NULL,NULL,NULL,NULL,NULL
20676601302760,tag.list,NULL,NULL,NULL,NULL,NULL,NULL,NULL
20676601533704,tag.list,NULL,NULL,NULL,NULL,NULL,NULL,NULL
22694842875,tag.list,1562072866,2163693,Permissions - Restricting access,tag,3061887,admin,NULL
27219179067,tag.list,1590408197,2503408,Permissions - You are not authorised to use this Interaction,tag,1656942,admin,NULL
20676600493865,tag.list,NULL,NULL,NULL,NULL,NULL,NULL,NULL
20676600647699,tag.list,NULL,NULL,NULL,NULL,NULL,NULL,NULL
20676600878231,tag.list,NULL,NULL,NULL,NULL,NULL,NULL,NULL
22216780079,tag.list,1559230630,2158656,Request - Multi Org Login,tag,1656942,admin,NULL
23785906822,tag.list,1569234422,2158656,Request - Multi Org Login,tag,3061887,admin,NULL
20676600171810,tag.list,1637151412,2158362,Test Call – Org,tag,3747084,admin,NULL
20676601473398,tag.list,NULL,NULL,NULL,NULL,NULL,NULL,NULL
20676600727176,tag.list,NULL,NULL,NULL,NULL,NULL,NULL,NULL
20676600963637,tag.list,NULL,NULL,NULL,NULL,NULL,NULL,NULL
20676601098935,tag.list,1707733977,8379458,Issue - Wrong App Version,tag,6644835,admin,NULL
20676601201068,tag.list,1708823465,7836199,NEW USER WITHIN 30 DAYS,tag,762290,admin,NULL
20676601201068,tag.list,1708823465,7836200,NEW USER WITHIN 60 DAYS,tag,762290,admin,NULL
20676601356380,tag.list,NULL,NULL,NULL,NULL,NULL,NULL,NULL
20676601370741,tag.list,NULL,NULL,NULL,NULL,NULL,NULL,NULL
20676601592381,tag.list,NULL,NULL,NULL,NULL,NULL,NULL,NULL
13170653563,tag.list,NULL,NULL,NULL,NULL,NULL,NULL,NULL
20676600031095,tag.list,1611151394,2158411,Feature/Product Confusion - Scheduling,tag,3543040,admin,NULL
20676600181256,tag.list,NULL,NULL,NULL,NULL,NULL,NULL,NULL
20676600193417,tag.list,1641577280,2160533,Feature/product confusion - changing resident or carer status,tag,4460916,admin,NULL
20676600902433,tag.list,1692034325,7873873,Moved to Customer Success,tag,6644835,admin,NULL
20676600957838,tag.list,1696251402,8356445,Personalised Care Pathways (Changing status) (If manually changing status org),tag,4412924,admin,NULL
20676600957838,tag.list,1696251402,8140664,Personalised Care Pathways,tag,4412924,admin,NULL
20676601081478,tag.list,NULL,NULL,NULL,NULL,NULL,NULL,NULL
20676601448395,tag.list,NULL,NULL,NULL,NULL,NULL,NULL,NULL
24880812394,tag.list,1575557620,2158408,Feature/Product Confusion - Provided Interactions,tag,3543040,admin,NULL
20676600327305,tag.list,NULL,NULL,NULL,NULL,NULL,NULL,NULL
20676600348033,tag.list,1659004592,3546110,CIC - General Query,tag,762290,admin,NULL
20676600348033,tag.list,1659005097,2163371,Feature/product confusion - accessing photos,tag,4460916,admin,NULL
20676601034757,tag.list,NULL,NULL,NULL,NULL,NULL,NULL,NULL
20676601208221,tag.list,NULL,NULL,NULL,NULL,NULL,NULL,NULL
23963229619,tag.list,1570201070,2158463,User Error – Care Plan Reviewing / Updating,tag,3061887,admin,NULL
20676600641481,tag.list,NULL,NULL,NULL,NULL,NULL,NULL,NULL
20676600645149,tag.list,NULL,NULL,NULL,NULL,NULL,NULL,NULL
20676601084017,tag.list,NULL,NULL,NULL,NULL,NULL,NULL,NULL
20676601609515,tag.list,NULL,NULL,NULL,NULL,NULL,NULL,NULL
20676600060457,tag.list,NULL,NULL,NULL,NULL,NULL,NULL,NULL
20676600233891,tag.list,NULL,NULL,NULL,NULL,NULL,NULL,NULL
20676601366803,tag.list,NULL,NULL,NULL,NULL,NULL,NULL,NULL
20676601410118,tag.list,NULL,NULL,NULL,NULL,NULL,NULL,NULL
20676601473822,tag.list,1721381876,5859886,NEW USER WITHIN 7 DAYS,tag,762290,admin,NULL
20676601473822,tag.list,1721381876,7836199,NEW USER WITHIN 30 DAYS,tag,762290,admin,NULL
20676601473822,tag.list,1721381877,7836200,NEW USER WITHIN 60 DAYS,tag,762290,admin,NULL
20676601473822,tag.list,1721381877,9578413,Authorised To Request Resident Transfers,tag,762290,admin,NULL
20676601026115,tag.list,1701121907,8306576,Request/Question - Extension,tag,6644835,admin,NULL
20676601403843,tag.list,NULL,NULL,NULL,NULL,NULL,NULL,NULL
14118307355,tag.list,NULL,NULL,NULL,NULL,NULL,NULL,NULL
20676600763431,tag.list,1684757113,4127432,Feature/product confusion - Body Map,tag,4412924,admin,NULL
20676601082201,tag.list,1703854320,7836199,NEW USER WITHIN 30 DAYS,tag,762290,admin,NULL
20676601082201,tag.list,1703854320,7836200,NEW USER WITHIN 60 DAYS,tag,762290,admin,NULL
20676601097284,tag.list,1706630569,2158361,Test Call - Training,tag,6461379,admin,NULL
20676601345913,tag.list,NULL,NULL,NULL,NULL,NULL,NULL,NULL
20676600013351,tag.list,NULL,NULL,NULL,NULL,NULL,NULL,NULL
20676600221771,tag.list,1646406141,5859886,NEW USER WITHIN 7 DAYS,tag,762290,admin,NULL
20676600237403,tag.list,1649225915,2162921,Reporting - How to create reports,tag,4460916,admin,NULL
20676600531222,tag.list,1673252043,7209709,login for staff,tag,5550784,admin,NULL
20676600868348,tag.list,1689771418,7836200,NEW USER WITHIN 60 DAYS,tag,762290,admin,NULL
20676600934875,tag.list,NULL,NULL,NULL,NULL,NULL,NULL,NULL
20676600976692,tag.list,NULL,NULL,NULL,NULL,NULL,NULL,NULL
20676601088905,tag.list,NULL,NULL,NULL,NULL,NULL,NULL,NULL
20676601310052,tag.list,1712740099,7836199,NEW USER WITHIN 30 DAYS,tag,762290,admin,NULL
20676601310052,tag.list,1712740099,7836200,NEW USER WITHIN 60 DAYS,tag,762290,admin,NULL
20676601361021,tag.list,NULL,NULL,NULL,NULL,NULL,NULL,NULL
27298321460,tag.list,1590927715,2158368,Browser related – Microsoft Edge,tag,1656942,admin,NULL
20676600177284,tag.list,1638287407,6067661,serverdown301121,tag,3747084,admin,NULL
20676600235012,tag.list,1648735898,3669083,Planned Maintenance - Question,tag,4460916,admin,NULL
20676600955018,tag.list,1695822242,8127496,Performance - Data Pending on Device,tag,762290,admin,NULL
20676600978527,tag.list,NULL,NULL,NULL,NULL,NULL,NULL,NULL
26127900877,tag.list,1584121531,2160355,Performance - Homes WIFI Issue,tag,3061887,admin,NULL
20676600300523,tag.list,NULL,NULL,NULL,NULL,NULL,NULL,NULL
20676600595325,tag.list,NULL,NULL,NULL,NULL,NULL,NULL,NULL
20676600954889,tag.list,1695814034,7836199,NEW USER WITHIN 30 DAYS,tag,762290,admin,NULL
20676600954889,tag.list,1695814034,7836200,NEW USER WITHIN 60 DAYS,tag,762290,admin,NULL
20676601365851,tag.list,NULL,NULL,NULL,NULL,NULL,NULL,NULL
20220805168,tag.list,NULL,NULL,NULL,NULL,NULL,NULL,NULL
20676600539731,tag.list,NULL,NULL,NULL,NULL,NULL,NULL,NULL
20676600809151,tag.list,NULL,NULL,NULL,NULL,NULL,NULL,NULL
20676601464760,tag.list,NULL,NULL,NULL,NULL,NULL,NULL,NULL
20676601618040,tag.list,1725646538,8448245,Slowdown - Overall Servers,tag,4460916,admin,NULL
20676601363358,tag.list,1715782455,7836199,NEW USER WITHIN 30 DAYS,tag,762290,admin,NULL
20676601363358,tag.list,1715782456,7836200,NEW USER WITHIN 60 DAYS,tag,762290,admin,NULL
24589965552,tag.list,1574100869,2875936,Feature/Product Confusion - Roles,tag,424810,admin,NULL
18865648787,tag.list,NULL,NULL,NULL,NULL,NULL,NULL,NULL
20676600348855,tag.list,NULL,NULL,NULL,NULL,NULL,NULL,NULL
20676600688750,tag.list,NULL,NULL,NULL,NULL,NULL,NULL,NULL
20676600700969,tag.list,NULL,NULL,NULL,NULL,NULL,NULL,NULL
20676601077383,tag.list,NULL,NULL,NULL,NULL,NULL,NULL,NULL
20676601093366,tag.list,NULL,NULL,NULL,NULL,NULL,NULL,NULL
20676601201035,tag.list,1708813919,7836200,NEW USER WITHIN 60 DAYS,tag,762290,admin,NULL
20676601297376,tag.list,NULL,NULL,NULL,NULL,NULL,NULL,NULL
20676601463681,tag.list,1720187729,5859886,NEW USER WITHIN 7 DAYS,tag,762290,admin,NULL
20676601463681,tag.list,1720187729,7836199,NEW USER WITHIN 30 DAYS,tag,762290,admin,NULL
20676601463681,tag.list,1720187729,7836200,NEW USER WITHIN 60 DAYS,tag,762290,admin,NULL
20676601463681,tag.list,1720187730,9578413,Authorised To Request Resident Transfers,tag,762290,admin,NULL
20676601534084,tag.list,NULL,NULL,NULL,NULL,NULL,NULL,NULL
18994701848,tag.list,NULL,NULL,NULL,NULL,NULL,NULL,NULL
20676600013327,tag.list,NULL,NULL,NULL,NULL,NULL,NULL,NULL
20676600087256,tag.list,1623931423,2158343,Test Call – Demo,tag,4460916,admin,NULL
20676600174814,tag.list,NULL,NULL,NULL,NULL,NULL,NULL,NULL
20676600195878,tag.list,1642171144,2161368,Request - Resident Home Transfer,tag,4460916,admin,NULL
20676600349097,tag.list,NULL,NULL,NULL,NULL,NULL,NULL,NULL
20676601463355,tag.list,1720174594,9578413,Authorised To Request Resident Transfers,tag,762290,admin,NULL
20676600344804,tag.list,NULL,NULL,NULL,NULL,NULL,NULL,NULL
20676600443244,tag.list,NULL,NULL,NULL,NULL,NULL,NULL,NULL
20676600592441,tag.list,NULL,NULL,NULL,NULL,NULL,NULL,NULL
20676601073418,tag.list,NULL,NULL,NULL,NULL,NULL,NULL,NULL
18553601940,tag.list,NULL,NULL,NULL,NULL,NULL,NULL,NULL
20676600018684,tag.list,1608202854,2201844,Permissions - Changing status/permissions,tag,3747084,admin,NULL
20676600641519,tag.list,1677144266,7833287,slowdown_23022023,tag,4412924,admin,NULL
20676600979344,tag.list,NULL,NULL,NULL,NULL,NULL,NULL,NULL
20676601033918,tag.list,1701599888,7836200,NEW USER WITHIN 60 DAYS,tag,762290,admin,NULL
20676601033918,tag.list,1702291285,8375016,General - Query,tag,6644835,admin,NULL
20676601081058,tag.list,NULL,NULL,NULL,NULL,NULL,NULL,NULL
24700387790,tag.list,1574683518,2158656,Request - Multi Org Login,tag,3543040,admin,NULL
20676600101868,tag.list,1627658048,2780554,Performance - Reporting,tag,3543040,admin,NULL
20676600955839,tag.list,1696196744,8099517,Feature/Product Confusion - General Interactions,tag,6461379,admin,NULL
20676600972945,tag.list,1698737052,7836200,NEW USER WITHIN 60 DAYS,tag,762290,admin,NULL
20676600972945,tag.list,1699369273,8375016,General - Query,tag,4412924,admin,NULL
20676601034940,tag.list,NULL,NULL,NULL,NULL,NULL,NULL,NULL
20676601201036,tag.list,1708813963,7836200,NEW USER WITHIN 60 DAYS,tag,762290,admin,NULL
20676601219357,tag.list,NULL,NULL,NULL,NULL,NULL,NULL,NULL
20676601251726,tag.list,NULL,NULL,NULL,NULL,NULL,NULL,NULL
20676601359241,tag.list,1715166133,7836200,NEW USER WITHIN 60 DAYS,tag,762290,admin,NULL
20676601654786,tag.list,1727119996,9996614,23/09/2024 Migration Mass Close By JCantello,tag,6461379,admin,NULL
20676600064612,tag.list,1619005352,2934837,Performance - Server Slow,tag,4460916,admin,NULL
20676600095698,tag.list,NULL,NULL,NULL,NULL,NULL,NULL,NULL
20676600417720,tag.list,NULL,NULL,NULL,NULL,NULL,NULL,NULL
20676600979607,tag.list,NULL,NULL,NULL,NULL,NULL,NULL,NULL
20676600000450,tag.list,1593602886,2875936,Feature/Product Confusion - Roles,tag,3061887,admin,NULL
20676600019037,tag.list,NULL,NULL,NULL,NULL,NULL,NULL,NULL
20676600319501,tag.list,NULL,NULL,NULL,NULL,NULL,NULL,NULL
20676600599716,tag.list,NULL,NULL,NULL,NULL,NULL,NULL,NULL
20676600768016,tag.list,1686243413,8188356,General - Complaint,tag,5185998,admin,NULL
20676600972947,tag.list,NULL,NULL,NULL,NULL,NULL,NULL,NULL
20676600976870,tag.list,NULL,NULL,NULL,NULL,NULL,NULL,NULL
20676600102616,tag.list,1628081983,5444528,Feature/product confusion - Create/creating service management,tag,4460916,admin,NULL
20676600331441,tag.list,NULL,NULL,NULL,NULL,NULL,NULL,NULL
20676600409513,tag.list,NULL,NULL,NULL,NULL,NULL,NULL,NULL
20676600494707,tag.list,NULL,NULL,NULL,NULL,NULL,NULL,NULL
20676601000847,tag.list,NULL,NULL,NULL,NULL,NULL,NULL,NULL
20676601358625,tag.list,1715080500,7836200,NEW USER WITHIN 60 DAYS,tag,762290,admin,NULL
20676601390165,tag.list,NULL,NULL,NULL,NULL,NULL,NULL,NULL
26838230235,tag.list,NULL,NULL,NULL,NULL,NULL,NULL,NULL
20676600098753,tag.list,NULL,NULL,NULL,NULL,NULL,NULL,NULL
20676600106973,tag.list,1629480541,2162921,Reporting - How to create reports,tag,3747084,admin,NULL
20676600109257,tag.list,NULL,NULL,NULL,NULL,NULL,NULL,NULL
20676600123174,tag.list,NULL,NULL,NULL,NULL,NULL,NULL,NULL
20676601590061,tag.list,1723808408,7836199,NEW USER WITHIN 30 DAYS,tag,762290,admin,NULL
20676600419106,tag.list,NULL,NULL,NULL,NULL,NULL,NULL,NULL
20676601236576,tag.list,NULL,NULL,NULL,NULL,NULL,NULL,NULL
20676600441375,tag.list,1665563347,5446269,Feature/product confusion - Accessing Care Plans,tag,5550784,admin,NULL
20676600645001,tag.list,NULL,NULL,NULL,NULL,NULL,NULL,NULL
20676600945890,tag.list,NULL,NULL,NULL,NULL,NULL,NULL,NULL
20676601340711,tag.list,NULL,NULL,NULL,NULL,NULL,NULL,NULL
20676601354506,tag.list,NULL,NULL,NULL,NULL,NULL,NULL,NULL
20676601361512,tag.list,NULL,NULL,NULL,NULL,NULL,NULL,NULL
26875735331,tag.list,1588259894,2172421,Feature/product confusion - adding assessment to care plan Log,tag,3061887,admin,NULL
12749265053,tag.list,NULL,NULL,NULL,NULL,NULL,NULL,NULL
20676600220953,tag.list,NULL,NULL,NULL,NULL,NULL,NULL,NULL
20676600371250,tag.list,NULL,NULL,NULL,NULL,NULL,NULL,NULL
20676600476142,tag.list,1668079030,7209701,access for staff,tag,5550784,admin,NULL
20676600763200,tag.list,NULL,NULL,NULL,NULL,NULL,NULL,NULL
20676600951079,tag.list,1696451934,8379363,Device - Purchase,tag,6644835,admin,NULL
20676601097245,tag.list,1706626170,5859886,NEW USER WITHIN 7 DAYS,tag,762290,admin,NULL
20676601097245,tag.list,1706626170,7836199,NEW USER WITHIN 30 DAYS,tag,762290,admin,NULL
20676601097245,tag.list,1706626170,7836200,NEW USER WITHIN 60 DAYS,tag,762290,admin,NULL
20676601097245,tag.list,1708099580,8375016,General - Query,tag,6931264,admin,NULL
20676601233727,tag.list,NULL,NULL,NULL,NULL,NULL,NULL,NULL
20676601654702,tag.list,1727119993,9996614,23/09/2024 Migration Mass Close By JCantello,tag,6461379,admin,NULL
26940737385,tag.list,1588695364,3836322,Covid-19,tag,3543040,admin,NULL
20676600376875,tag.list,NULL,NULL,NULL,NULL,NULL,NULL,NULL
20676600458870,tag.list,1666984078,7209717,Request- Interaction to Delete,tag,5550784,admin,NULL
20676601352644,tag.list,1714138456,9176729,Team - Support Level 1,tag,762290,admin,NULL
20676601352644,tag.list,1717010323,2158403,Feature/Product Confusion - Device Management,tag,6461379,admin,NULL
21186717689,tag.list,1552485979,2158452,Request - Multi-org copy Interaction / form,tag,659660,admin,NULL
20676600088141,tag.list,NULL,NULL,NULL,NULL,NULL,NULL,NULL
20676600226492,tag.list,NULL,NULL,NULL,NULL,NULL,NULL,NULL
20676600370786,tag.list,1660842882,6088752,Request/Question - GP-Connect,tag,5550784,admin,NULL
20676600886213,tag.list,1690375900,3546110,CIC - General Query,tag,762290,admin,NULL
20676600941974,tag.list,1694248251,8375016,General - Query,tag,6461379,admin,NULL
20676600976885,tag.list,NULL,NULL,NULL,NULL,NULL,NULL,NULL
20676601473167,tag.list,NULL,NULL,NULL,NULL,NULL,NULL,NULL
16950459959,tag.list,NULL,NULL,NULL,NULL,NULL,NULL,NULL
20676600319518,tag.list,NULL,NULL,NULL,NULL,NULL,NULL,NULL
20676601361758,tag.list,NULL,NULL,NULL,NULL,NULL,NULL,NULL
20676600083144,tag.list,1623070583,2201844,Permissions - Changing status/permissions,tag,3543040,admin,NULL
20676600104572,tag.list,1628698020,3898517,Covid_tracker,tag,3747084,admin,NULL
20676600979845,tag.list,NULL,NULL,NULL,NULL,NULL,NULL,NULL
20676601157651,tag.list,NULL,NULL,NULL,NULL,NULL,NULL,NULL
20676601250784,tag.list,1711233383,7836199,NEW USER WITHIN 30 DAYS,tag,762290,admin,NULL
20676601250784,tag.list,1711233383,7836200,NEW USER WITHIN 60 DAYS,tag,762290,admin,NULL
20676601355939,tag.list,NULL,NULL,NULL,NULL,NULL,NULL,NULL
20676600503505,tag.list,NULL,NULL,NULL,NULL,NULL,NULL,NULL
20676600897063,tag.list,NULL,NULL,NULL,NULL,NULL,NULL,NULL
20676600958265,tag.list,1696323236,7836199,NEW USER WITHIN 30 DAYS,tag,762290,admin,NULL
20676600958265,tag.list,1696323236,7836200,NEW USER WITHIN 60 DAYS,tag,762290,admin,NULL
20676600970836,tag.list,NULL,NULL,NULL,NULL,NULL,NULL,NULL
20676600973365,tag.list,NULL,NULL,NULL,NULL,NULL,NULL,NULL
20676601226412,tag.list,1709565574,7836200,NEW USER WITHIN 60 DAYS,tag,762290,admin,NULL
20676601615238,tag.list,1724951429,7836200,NEW USER WITHIN 60 DAYS,tag,762290,admin,NULL
20676600005100,tag.list,1604916640,2158403,Feature/Product Confusion - Device Management,tag,3747084,admin,NULL
20676600305531,tag.list,NULL,NULL,NULL,NULL,NULL,NULL,NULL
20676600388492,tag.list,NULL,NULL,NULL,NULL,NULL,NULL,NULL
20676600525683,tag.list,NULL,NULL,NULL,NULL,NULL,NULL,NULL
20676600097249,tag.list,1626377087,5595497,Slowdown 14072021,tag,4412924,admin,NULL
20676600106815,tag.list,1629406261,2158415,Feature/product confusion - Handover,tag,3747084,admin,NULL
20676600463585,tag.list,NULL,NULL,NULL,NULL,NULL,NULL,NULL
20676600490950,tag.list,NULL,NULL,NULL,NULL,NULL,NULL,NULL
20676600494548,tag.list,NULL,NULL,NULL,NULL,NULL,NULL,NULL
20676601240317,tag.list,NULL,NULL,NULL,NULL,NULL,NULL,NULL
20676601248551,tag.list,NULL,NULL,NULL,NULL,NULL,NULL,NULL
20676600459428,tag.list,NULL,NULL,NULL,NULL,NULL,NULL,NULL
20676600501525,tag.list,1670404609,7209815,family portal,tag,5550784,admin,NULL
20676600894381,tag.list,1691998748,2158412,Feature/product confusion - Critical Info/Resident Dashboard,tag,5185998,admin,NULL
20676601371400,tag.list,NULL,NULL,NULL,NULL,NULL,NULL,NULL
20676601431715,tag.list,NULL,NULL,NULL,NULL,NULL,NULL,NULL
20676600418777,tag.list,NULL,NULL,NULL,NULL,NULL,NULL,NULL
20676600595644,tag.list,NULL,NULL,NULL,NULL,NULL,NULL,NULL
20676601446656,tag.list,NULL,NULL,NULL,NULL,NULL,NULL,NULL
20676600487448,tag.list,1668863125,5859886,NEW USER WITHIN 7 DAYS,tag,762290,admin,NULL
23715049663,tag.list,1570178099,2158409,Feature/Product Confusion - Organisation Interactions,tag,3061887,admin,NULL
20676601091317,tag.list,1705502985,7836200,NEW USER WITHIN 60 DAYS,tag,762290,admin,NULL
20676601091317,tag.list,1705503058,8140664,Personalised Care Pathways,tag,762290,admin,NULL
20676601091317,tag.list,1705503058,8356476,Personalised Care Pathways (Transfer of care pathway) (changing status via interactions),tag,762290,admin,NULL
20676601221638,tag.list,NULL,NULL,NULL,NULL,NULL,NULL,NULL
20676601223140,tag.list,NULL,NULL,NULL,NULL,NULL,NULL,NULL
17745178384,tag.list,NULL,NULL,NULL,NULL,NULL,NULL,NULL
20676600053912,tag.list,NULL,NULL,NULL,NULL,NULL,NULL,NULL
20676600173323,tag.list,1637433416,3546110,CIC - General Query,tag,762290,admin,NULL
20676601026375,tag.list,NULL,NULL,NULL,NULL,NULL,NULL,NULL
20676601033183,tag.list,NULL,NULL,NULL,NULL,NULL,NULL,NULL
20676601081148,tag.list,1703607547,8375016,General - Query,tag,6644835,admin,NULL
20676601087278,tag.list,1705312289,2437255,Feature/Product Confusion - Family Portal,tag,6461379,admin,NULL
20676601354767,tag.list,1714462435,7836199,NEW USER WITHIN 30 DAYS,tag,762290,admin,NULL
20676601354767,tag.list,1714462436,7836200,NEW USER WITHIN 60 DAYS,tag,762290,admin,NULL
20676601469094,tag.list,1720710233,5859886,NEW USER WITHIN 7 DAYS,tag,762290,admin,NULL
20676601469094,tag.list,1720710234,7836199,NEW USER WITHIN 30 DAYS,tag,762290,admin,NULL
20676601469094,tag.list,1720710234,7836200,NEW USER WITHIN 60 DAYS,tag,762290,admin,NULL
25773211704,tag.list,1581679022,2158361,Test Call - Training,tag,3543040,admin,NULL
19654609223,tag.list,1542812103,2158370,Forgotten Password,tag,1656942,admin,NULL
20676600054553,tag.list,1616505208,2158361,Test Call - Training,tag,3543040,admin,NULL
20676600317762,tag.list,NULL,NULL,NULL,NULL,NULL,NULL,NULL
20676600515622,tag.list,NULL,NULL,NULL,NULL,NULL,NULL,NULL
20676600946716,tag.list,1695034492,2158480,"Device - Lost, Help Tracking",tag,6461379,admin,NULL
20676600103473,tag.list,1628259267,2453996,Feature/Product Confusion - Delete/Edit entry on timeline,tag,424810,admin,NULL
20676600204876,tag.list,1643816758,5859886,NEW USER WITHIN 7 DAYS,tag,762290,admin,NULL
20676600220085,tag.list,1646051499,2201844,Permissions - Changing status/permissions,tag,3747084,admin,NULL
20676600650038,tag.list,NULL,NULL,NULL,NULL,NULL,NULL,NULL
20676600775862,tag.list,NULL,NULL,NULL,NULL,NULL,NULL,NULL
20676601099334,tag.list,NULL,NULL,NULL,NULL,NULL,NULL,NULL
22479143929,tag.list,1560759493,2449690,Feature/Product Confusion - Editing a Care Plan Structure,tag,3061887,admin,NULL
20514795729,tag.list,1548149608,2349982,GDPR,tag,424810,admin,NULL
20676600056904,tag.list,NULL,NULL,NULL,NULL,NULL,NULL,NULL
20676600958688,tag.list,1696357472,5859886,NEW USER WITHIN 7 DAYS,tag,762290,admin,NULL
20676600958688,tag.list,1696357473,7836199,NEW USER WITHIN 30 DAYS,tag,762290,admin,NULL
20676600958688,tag.list,1696357473,7836200,NEW USER WITHIN 60 DAYS,tag,762290,admin,NULL
20676601083473,tag.list,1704208283,5859886,NEW USER WITHIN 7 DAYS,tag,762290,admin,NULL
20676601083473,tag.list,1704208283,7836199,NEW USER WITHIN 30 DAYS,tag,762290,admin,NULL
20676601083473,tag.list,1704208283,7836200,NEW USER WITHIN 60 DAYS,tag,762290,admin,NULL
20676601083473,tag.list,1704212247,8375016,General - Query,tag,6644835,admin,NULL
21182718550,tag.list,NULL,NULL,NULL,NULL,NULL,NULL,NULL
20676600177476,tag.list,1638288305,6067661,serverdown301121,tag,3747084,admin,NULL
20676601244907,tag.list,1711006343,8190952,Issue - Web Browsing,tag,4460916,admin,NULL
20676601235268,tag.list,NULL,NULL,NULL,NULL,NULL,NULL,NULL
20676601356449,tag.list,1714660391,2158656,Request - Multi Org Login,tag,762290,admin,NULL
20676601460099,tag.list,1720001238,9578413,Authorised To Request Resident Transfers,tag,762290,admin,NULL
20676601468893,tag.list,NULL,NULL,NULL,NULL,NULL,NULL,NULL
20676601654843,tag.list,1727119998,9996614,23/09/2024 Migration Mass Close By JCantello,tag,6461379,admin,NULL
24647833241,tag.list,1574346799,2158370,Forgotten Password,tag,3061887,admin,NULL
25312991767,tag.list,1578560801,2158364,Browser related – Internet Explorer,tag,424810,admin,NULL
20676600145270,tag.list,1635179702,2875936,Feature/Product Confusion - Roles,tag,5185998,admin,NULL
20676600278063,tag.list,1653397939,6870128,server 24/05/22,tag,5320068,admin,NULL
20676600414987,tag.list,NULL,NULL,NULL,NULL,NULL,NULL,NULL
20676601159361,tag.list,1710767348,2293741,User Error - Login/out,tag,6461379,admin,NULL
20676601369437,tag.list,1716729820,7836200,NEW USER WITHIN 60 DAYS,tag,762290,admin,NULL
24774920955,tag.list,1575067755,2158409,Feature/Product Confusion - Organisation Interactions,tag,3061887,admin,NULL
20676600101909,tag.list,NULL,NULL,NULL,NULL,NULL,NULL,NULL
20676600108660,tag.list,1630070153,2549752,Request -  Device Settings - Bigger font,tag,3747084,admin,NULL
20676601092280,tag.list,1705660925,3546110,CIC - General Query,tag,762290,admin,NULL
20676601092280,tag.list,1706299402,8655586,Bot - No Response Closed,tag,4460916,admin,NULL
20676601456087,tag.list,1719838535,9450583,Slowdown/Outage 2024 (Fires Workflow),tag,6461379,admin,NULL
20676601456087,tag.list,1719843621,9176729,Team - Support Level 1,tag,762290,admin,NULL
25335857931,tag.list,1578669670,2161057,Feature/product confusion - Linking Interactions to care plan section,tag,3061887,admin,NULL
26365425058,tag.list,NULL,NULL,NULL,NULL,NULL,NULL,NULL
20676600284832,tag.list,NULL,NULL,NULL,NULL,NULL,NULL,NULL
20676600595375,tag.list,NULL,NULL,NULL,NULL,NULL,NULL,NULL
20676600599932,tag.list,NULL,NULL,NULL,NULL,NULL,NULL,NULL
20676601345231,tag.list,NULL,NULL,NULL,NULL,NULL,NULL,NULL
20676601654934,tag.list,1727119995,9996614,23/09/2024 Migration Mass Close By JCantello,tag,6461379,admin,NULL
20676600463855,tag.list,NULL,NULL,NULL,NULL,NULL,NULL,NULL
20676600616798,tag.list,NULL,NULL,NULL,NULL,NULL,NULL,NULL
20676600974190,tag.list,NULL,NULL,NULL,NULL,NULL,NULL,NULL
20676601384824,tag.list,NULL,NULL,NULL,NULL,NULL,NULL,NULL
20676601408593,tag.list,1718446396,9176729,Team - Support Level 1,tag,762290,admin,NULL
20676601408593,tag.list,1718783647,2158361,Test Call - Training,tag,6644835,admin,NULL
18820144991,tag.list,NULL,NULL,NULL,NULL,NULL,NULL,NULL
20676600084375,tag.list,1623407800,2177682,Device - Allowing SIMs,tag,3747084,admin,NULL
20676600192172,tag.list,NULL,NULL,NULL,NULL,NULL,NULL,NULL
20676601534250,tag.list,NULL,NULL,NULL,NULL,NULL,NULL,NULL
20676600959938,tag.list,NULL,NULL,NULL,NULL,NULL,NULL,NULL
20676601247431,tag.list,NULL,NULL,NULL,NULL,NULL,NULL,NULL
14791604476,tag.list,NULL,NULL,NULL,NULL,NULL,NULL,NULL
20676600284367,tag.list,1654441083,3546110,CIC - General Query,tag,762290,admin,NULL
20676600497065,tag.list,NULL,NULL,NULL,NULL,NULL,NULL,NULL
20676600972763,tag.list,NULL,NULL,NULL,NULL,NULL,NULL,NULL
23147526568,tag.list,1565772074,2163371,Feature/product confusion - accessing photos,tag,3061887,admin,NULL
14478569681,tag.list,NULL,NULL,NULL,NULL,NULL,NULL,NULL
20676600308656,tag.list,NULL,NULL,NULL,NULL,NULL,NULL,NULL
20676600660724,tag.list,NULL,NULL,NULL,NULL,NULL,NULL,NULL
20676600768209,tag.list,1685308920,7836199,NEW USER WITHIN 30 DAYS,tag,762290,admin,NULL
20676600768209,tag.list,1685308920,7836200,NEW USER WITHIN 60 DAYS,tag,762290,admin,NULL
20676601354452,tag.list,1714403243,9176729,Team - Support Level 1,tag,762290,admin,NULL
20676601354452,tag.list,1714410086,8119909,Feature/product confusion - Password,tag,6461379,admin,NULL
20676601354452,tag.list,1714410087,8684302,Request/Question - AD connect,tag,6461379,admin,NULL
22410651123,tag.list,1560267200,2785561,Performance - Server Slowdown 110619,tag,3061887,admin,NULL
22410651123,tag.list,1560268227,2785561,Performance - Server Slowdown 110619,tag,424810,admin,NULL
17803814866,tag.list,NULL,NULL,NULL,NULL,NULL,NULL,NULL
20676600152480,tag.list,1635330503,2453996,Feature/Product Confusion - Delete/Edit entry on timeline,tag,3747084,admin,NULL
20676600177458,tag.list,1638288233,6067661,serverdown301121,tag,3747084,admin,NULL
20676600218271,tag.list,NULL,NULL,NULL,NULL,NULL,NULL,NULL
20676600654614,tag.list,NULL,NULL,NULL,NULL,NULL,NULL,NULL
20676601360031,tag.list,1715264667,7836199,NEW USER WITHIN 30 DAYS,tag,762290,admin,NULL
20676601360031,tag.list,1715264667,7836200,NEW USER WITHIN 60 DAYS,tag,762290,admin,NULL
20676601453957,tag.list,NULL,NULL,NULL,NULL,NULL,NULL,NULL
20676601658047,tag.list,1727097271,5135621,OSJCT,tag,762290,admin,NULL
20676601658047,tag.list,1727097272,9578413,Authorised To Request Resident Transfers,tag,762290,admin,NULL
20676600082096,tag.list,1622789015,2169639,Feature/product confusion - Care Plan - Archive/unarchive,tag,3747084,admin,NULL
20676600242470,tag.list,NULL,NULL,NULL,NULL,NULL,NULL,NULL
20676600655837,tag.list,NULL,NULL,NULL,NULL,NULL,NULL,NULL
20676601618032,tag.list,1725311256,7836200,NEW USER WITHIN 60 DAYS,tag,762290,admin,NULL
23383326076,tag.list,1566658201,2384242,User Error - Poor Computer/Tech Skills,tag,3061887,admin,NULL
24094286770,tag.list,1571064177,2158411,Feature/Product Confusion - Scheduling,tag,3061887,admin,NULL
20676600130273,tag.list,NULL,NULL,NULL,NULL,NULL,NULL,NULL
20676600137119,tag.list,1633362158,3546110,CIC - General Query,tag,762290,admin,NULL
20676600236067,tag.list,NULL,NULL,NULL,NULL,NULL,NULL,NULL
20676600252229,tag.list,NULL,NULL,NULL,NULL,NULL,NULL,NULL
20676600319345,tag.list,1656924054,3546110,CIC - General Query,tag,762290,admin,NULL
20676600773139,tag.list,NULL,NULL,NULL,NULL,NULL,NULL,NULL
20676601076176,tag.list,NULL,NULL,NULL,NULL,NULL,NULL,NULL
20676600596674,tag.list,NULL,NULL,NULL,NULL,NULL,NULL,NULL
20676601575105,tag.list,1725431148,9712998,Issue - WiFi Slow,tag,6644835,admin,NULL
20676600687926,tag.list,1679497836,7927427,Slowdown/OutageProduction22032023,tag,6461379,admin,NULL
20676600952544,tag.list,1696453673,8434699,Device - General Query,tag,6644835,admin,NULL
20676601092413,tag.list,NULL,NULL,NULL,NULL,NULL,NULL,NULL
20676601094390,tag.list,1706521517,8028784,Moved to Training,tag,4460916,admin,NULL
26022400781,tag.list,1583417713,2158405,Feature/product confusion - Circle of Care,tag,3747084,admin,NULL
20676600263084,tag.list,NULL,NULL,NULL,NULL,NULL,NULL,NULL
20676600479289,tag.list,NULL,NULL,NULL,NULL,NULL,NULL,NULL
20676600967761,tag.list,1697731677,5859886,NEW USER WITHIN 7 DAYS,tag,762290,admin,NULL
20676600967761,tag.list,1697731677,7836199,NEW USER WITHIN 30 DAYS,tag,762290,admin,NULL
20676600967761,tag.list,1697731677,7836200,NEW USER WITHIN 60 DAYS,tag,762290,admin,NULL
20676601171096,tag.list,NULL,NULL,NULL,NULL,NULL,NULL,NULL
20676601310816,tag.list,1712763489,3546110,CIC - General Query,tag,762290,admin,NULL
20676601375215,tag.list,NULL,NULL,NULL,NULL,NULL,NULL,NULL
20676601460782,tag.list,NULL,NULL,NULL,NULL,NULL,NULL,NULL
20676601468885,tag.list,NULL,NULL,NULL,NULL,NULL,NULL,NULL
24123498382,tag.list,1571218714,2158656,Request - Multi Org Login,tag,2977329,admin,NULL
25539886522,tag.list,1580135508,2158364,Browser related – Internet Explorer,tag,3061887,admin,NULL
20676600057444,tag.list,NULL,NULL,NULL,NULL,NULL,NULL,NULL
20676600067408,tag.list,NULL,NULL,NULL,NULL,NULL,NULL,NULL
20676600130424,tag.list,1632235388,5817227,21092021 - System Down,tag,3543040,admin,NULL
20676600364643,tag.list,NULL,NULL,NULL,NULL,NULL,NULL,NULL
20676600647769,tag.list,1677343145,3546110,CIC - General Query,tag,762290,admin,NULL
20676600733499,tag.list,NULL,NULL,NULL,NULL,NULL,NULL,NULL
20676600948925,tag.list,1694851988,7836200,NEW USER WITHIN 60 DAYS,tag,762290,admin,NULL
20676601093232,tag.list,NULL,NULL,NULL,NULL,NULL,NULL,NULL
20676600029471,tag.list,NULL,NULL,NULL,NULL,NULL,NULL,NULL
20676600144088,tag.list,NULL,NULL,NULL,NULL,NULL,NULL,NULL
20676600278928,tag.list,1653664109,2158409,Feature/Product Confusion - Organisation Interactions,tag,4460916,admin,NULL
20676600921328,tag.list,1693402220,8375016,General - Query,tag,4412924,admin,NULL
20676601347581,tag.list,1713884549,7836200,NEW USER WITHIN 60 DAYS,tag,762290,admin,NULL
20676600000923,tag.list,1594817113,2158370,Forgotten Password,tag,3061887,admin,NULL
20676600012139,tag.list,1606929854,4061722,Feature/Product Confusion - Uploading Profile Photo / Picture,tag,3543040,admin,NULL
20676600318317,tag.list,NULL,NULL,NULL,NULL,NULL,NULL,NULL
20676601590061,tag.list,1723808408,7836200,NEW USER WITHIN 60 DAYS,tag,762290,admin,NULL
20676601590061,tag.list,1723808408,9578413,Authorised To Request Resident Transfers,tag,762290,admin,NULL
22568017786,tag.list,1561367359,2158408,Feature/Product Confusion - Provided Interactions,tag,3061887,admin,NULL
20676600280404,tag.list,1653650147,4994225,Book a Demo - Out of Hours - More questions,tag,762290,admin,NULL
20676600497878,tag.list,NULL,NULL,NULL,NULL,NULL,NULL,NULL
20676600997195,tag.list,NULL,NULL,NULL,NULL,NULL,NULL,NULL
20676601019137,tag.list,NULL,NULL,NULL,NULL,NULL,NULL,NULL
20676601655161,tag.list,1727120010,9996614,23/09/2024 Migration Mass Close By JCantello,tag,6461379,admin,NULL
11070696712,tag.list,NULL,NULL,NULL,NULL,NULL,NULL,NULL
20676600088011,tag.list,NULL,NULL,NULL,NULL,NULL,NULL,NULL
20676600251673,tag.list,NULL,NULL,NULL,NULL,NULL,NULL,NULL
20676600645608,tag.list,NULL,NULL,NULL,NULL,NULL,NULL,NULL
20676600974177,tag.list,NULL,NULL,NULL,NULL,NULL,NULL,NULL
20676601342547,tag.list,NULL,NULL,NULL,NULL,NULL,NULL,NULL
20676600899452,tag.list,1691396354,7836199,NEW USER WITHIN 30 DAYS,tag,762290,admin,NULL
20676600899452,tag.list,1691396354,7836200,NEW USER WITHIN 60 DAYS,tag,762290,admin,NULL
20676600899452,tag.list,1693474326,8356445,Personalised Care Pathways (Changing status) (If manually changing status org),tag,5185998,admin,NULL
20676600975077,tag.list,1699023269,5135621,OSJCT,tag,762290,admin,NULL
20676600975077,tag.list,1699381645,2917427,Device - App Crashing,tag,4460916,admin,NULL
20676600980279,tag.list,1700057751,7836199,NEW USER WITHIN 30 DAYS,tag,762290,admin,NULL
20676600980279,tag.list,1700057751,7836200,NEW USER WITHIN 60 DAYS,tag,762290,admin,NULL
20676601360964,tag.list,NULL,NULL,NULL,NULL,NULL,NULL,NULL
17549950638,tag.list,NULL,NULL,NULL,NULL,NULL,NULL,NULL
20676600177322,tag.list,1638287697,6067661,serverdown301121,tag,3747084,admin,NULL
20676600232692,tag.list,NULL,NULL,NULL,NULL,NULL,NULL,NULL
20676600283021,tag.list,1654495970,2158411,Feature/Product Confusion - Scheduling,tag,4460916,admin,NULL
20676600422963,tag.list,NULL,NULL,NULL,NULL,NULL,NULL,NULL
20676600524112,tag.list,1671979052,3546110,CIC - General Query,tag,762290,admin,NULL
20676600975570,tag.list,1699156960,7836199,NEW USER WITHIN 30 DAYS,tag,762290,admin,NULL
20676600975570,tag.list,1699156960,7836200,NEW USER WITHIN 60 DAYS,tag,762290,admin,NULL
20676600975570,tag.list,1699157091,8119817,Feature/product confusion - Assessment,tag,762290,admin,NULL
20676600975570,tag.list,1699157091,2158412,Feature/product confusion - Critical Info/Resident Dashboard,tag,762290,admin,NULL
20676601429683,tag.list,NULL,NULL,NULL,NULL,NULL,NULL,NULL
16987818301,tag.list,NULL,NULL,NULL,NULL,NULL,NULL,NULL
20676600317796,tag.list,1656656453,2162921,Reporting - How to create reports,tag,4460916,admin,NULL
20676600690264,tag.list,1679686643,5859886,NEW USER WITHIN 7 DAYS,tag,762290,admin,NULL
20676600690264,tag.list,1679686643,7836199,NEW USER WITHIN 30 DAYS,tag,762290,admin,NULL
20676600690264,tag.list,1679686643,7836200,NEW USER WITHIN 60 DAYS,tag,762290,admin,NULL
20676601240921,tag.list,NULL,NULL,NULL,NULL,NULL,NULL,NULL
20676601458798,tag.list,1719919449,9578413,Authorised To Request Resident Transfers,tag,762290,admin,NULL
21751580282,tag.list,NULL,NULL,NULL,NULL,NULL,NULL,NULL
20676600005054,tag.list,1604674823,2437085,*Organisation Interactions Manager*,tag,3543040,admin,NULL
17666701803,tag.list,NULL,NULL,NULL,NULL,NULL,NULL,NULL
20676600129233,tag.list,1632124464,2293741,User Error - Login/out,tag,3747084,admin,NULL
20676600343395,tag.list,NULL,NULL,NULL,NULL,NULL,NULL,NULL
20676600949797,tag.list,1695139032,2201844,Permissions - Changing status/permissions,tag,6461379,admin,NULL
20676601369893,tag.list,NULL,NULL,NULL,NULL,NULL,NULL,NULL
25596346093,tag.list,1580468141,2287803,Browser Related - Google Chrome,tag,3543040,admin,NULL
17181923264,tag.list,NULL,NULL,NULL,NULL,NULL,NULL,NULL
20676600000639,tag.list,1594110589,2158480,"Device - Lost, Help Tracking",tag,3061887,admin,NULL
20676600348255,tag.list,NULL,NULL,NULL,NULL,NULL,NULL,NULL
20676600428509,tag.list,NULL,NULL,NULL,NULL,NULL,NULL,NULL
20676600536316,tag.list,1673260293,7209717,Request- Interaction to Delete,tag,5550784,admin,NULL
20676601407697,tag.list,1718358297,7836200,NEW USER WITHIN 60 DAYS,tag,762290,admin,NULL
25814505856,tag.list,1582030747,2875936,Feature/Product Confusion - Roles,tag,3061887,admin,NULL
20676600701617,tag.list,NULL,NULL,NULL,NULL,NULL,NULL,NULL
20676600703353,tag.list,1680614935,3546110,CIC - General Query,tag,762290,admin,NULL
20676601205313,tag.list,1709131255,3546110,CIC - General Query,tag,762290,admin,NULL
20676601361474,tag.list,NULL,NULL,NULL,NULL,NULL,NULL,NULL
27360824373,tag.list,1591261413,2287809,Feature/Product confusion - Add File Upload Parameter,tag,424810,admin,NULL
20676601358178,tag.list,NULL,NULL,NULL,NULL,NULL,NULL,NULL
20676601420260,tag.list,NULL,NULL,NULL,NULL,NULL,NULL,NULL
16594568833,tag.list,NULL,NULL,NULL,NULL,NULL,NULL,NULL
20676600505339,tag.list,NULL,NULL,NULL,NULL,NULL,NULL,NULL
20676600880864,tag.list,NULL,NULL,NULL,NULL,NULL,NULL,NULL
20676601324305,tag.list,NULL,NULL,NULL,NULL,NULL,NULL,NULL
20676601409042,tag.list,NULL,NULL,NULL,NULL,NULL,NULL,NULL
26299290092,tag.list,1585064369,2160355,Performance - Homes WIFI Issue,tag,3061887,admin,NULL
27348994855,tag.list,1591257478,2770339,Feedback,tag,3747084,admin,NULL
20165029223,tag.list,1547029040,2177381,User Error - Timeline,tag,1656942,admin,NULL
20676600282327,tag.list,NULL,NULL,NULL,NULL,NULL,NULL,NULL
20676600297600,tag.list,NULL,NULL,NULL,NULL,NULL,NULL,NULL
20676600608650,tag.list,NULL,NULL,NULL,NULL,NULL,NULL,NULL
