__id__,__teammates_type__,__teammates_admins_id__,__teammates_admins_type__,__teammates_admins__
20676601658609,admin.list,NULL,NULL,NULL
20676600062217,admin.list,NULL,NULL,NULL
20676600062218,admin.list,NULL,NULL,NULL
20676600062221,admin.list,NULL,NULL,NULL
20676600068805,admin.list,NULL,NULL,NULL
20676600058655,admin.list,659660,admin,NULL
207403600114910,admin.list,50023835,admin,NULL
207403600115328,admin.list,50033044,admin,NULL
207403600114910,admin.list,50033598,admin,NULL
20676600062218,admin.list,NULL,NULL,NULL
20676600058678,admin.list,659660,admin,NULL
20676600068806,admin.list,NULL,NULL,NULL
20676601658605,admin.list,NULL,NULL,NULL
20676601658603,admin.list,NULL,NULL,NULL
20676601658609,admin.list,NULL,NULL,NULL
20676600064804,admin.list,3747084,admin,NULL
20676600059301,admin.list,3747084,admin,NULL
20676601464114,admin.list,NULL,NULL,NULL
20676601658610,admin.list,NULL,NULL,NULL
20676601658608,admin.list,NULL,NULL,NULL
20676601658606,admin.list,NULL,NULL,NULL
20676600081678,admin.list,659660,admin,NULL
20676600081212,admin.list,3747084,admin,NULL
20676600081212,admin.list,659660,admin,NULL
20676600059525,admin.list,NULL,NULL,NULL
20676600064817,admin.list,3747084,admin,NULL
20676601658607,admin.list,NULL,NULL,NULL
20676600062513,admin.list,NULL,NULL,NULL
20676600062215,admin.list,NULL,NULL,NULL
20676600068792,admin.list,NULL,NULL,NULL
20676600062217,admin.list,NULL,NULL,NULL
20676600062221,admin.list,NULL,NULL,NULL
20676600068805,admin.list,NULL,NULL,NULL
20676600058655,admin.list,659660,admin,NULL
20676600068803,admin.list,NULL,NULL,NULL
20676600081614,admin.list,NULL,NULL,NULL
20676600064648,admin.list,4460916,admin,NULL
20676600081920,admin.list,NULL,NULL,NULL
20676600082129,admin.list,NULL,NULL,NULL
20676600060724,admin.list,1656942,admin,NULL
20676600060729,admin.list,3747084,admin,NULL
20676601448657,admin.list,NULL,NULL,NULL
20676601658604,admin.list,NULL,NULL,NULL
20676600059301,admin.list,659660,admin,NULL
20676600064454,admin.list,NULL,NULL,NULL
20676600064456,admin.list,NULL,NULL,NULL
20676600062514,admin.list,NULL,NULL,NULL
20676600068809,admin.list,NULL,NULL,NULL
207403600090027,admin.list,50030542,admin,NULL
207403600089726,admin.list,50030542,admin,NULL
207403600061788,admin.list,50032853,admin,NULL
207403600104131,admin.list,50032795,admin,NULL
207403600012419,admin.list,50030326,admin,NULL
207403600090363,admin.list,50023835,admin,NULL
207403600020849,admin.list,50032795,admin,NULL
207403600043875,admin.list,50032795,admin,NULL
207403600110834,admin.list,50033598,admin,NULL
207403600035266,admin.list,50023835,admin,NULL
207403600012726,admin.list,50030326,admin,NULL
207403600033048,admin.list,50023835,admin,NULL
207403600077377,admin.list,50032795,admin,NULL
207403600083714,admin.list,50030542,admin,NULL
207403600033992,admin.list,50034793,admin,NULL
207403600022553,admin.list,50034793,admin,NULL
207403600033150,admin.list,50032853,admin,NULL
207403600013155,admin.list,50032759,admin,NULL
207403600101735,admin.list,50023795,admin,NULL
207403600114158,admin.list,50035019,admin,NULL
207403600074228,admin.list,50033598,admin,NULL
207403600035218,admin.list,50023835,admin,NULL
207403600050298,admin.list,50032853,admin,NULL
207403600073320,admin.list,50032795,admin,NULL
207403600035310,admin.list,50030542,admin,NULL
207403600061515,admin.list,50032795,admin,NULL
207403600059554,admin.list,50032795,admin,NULL
207403600113195,admin.list,50035019,admin,NULL
207403600097808,admin.list,50033598,admin,NULL
207403600095248,admin.list,50023797,admin,NULL
207403600025996,admin.list,50032759,admin,NULL
207403600034076,admin.list,50030542,admin,NULL
207403600024461,admin.list,50032759,admin,NULL
207403600024461,admin.list,50034793,admin,NULL
207403600104896,admin.list,50032795,admin,NULL
207403600105579,admin.list,50033598,admin,NULL
207403600065806,admin.list,50032853,admin,NULL
207403600070438,admin.list,50032853,admin,NULL
207403600018303,admin.list,50032759,admin,NULL
207403600018303,admin.list,50034793,admin,NULL
207403600114886,admin.list,50033044,admin,NULL
207403600088324,admin.list,50033598,admin,NULL
207403600089810,admin.list,NULL,NULL,NULL
207403600048588,admin.list,50023835,admin,NULL
207403600048588,admin.list,50032795,admin,NULL
207403600059988,admin.list,50023835,admin,NULL
207403600104857,admin.list,NULL,NULL,NULL
207403600071606,admin.list,50033598,admin,NULL
207403600071606,admin.list,50032853,admin,NULL
207403600071606,admin.list,50023797,admin,NULL
207403600033023,admin.list,50033598,admin,NULL
207403600033023,admin.list,50032853,admin,NULL
207403600053263,admin.list,50023835,admin,NULL
207403600071672,admin.list,50033598,admin,NULL
207403600071672,admin.list,50032853,admin,NULL
207403600105735,admin.list,50033598,admin,NULL
207403600105112,admin.list,50033598,admin,NULL
207403600105112,admin.list,50032942,admin,NULL
207403600105112,admin.list,50030326,admin,NULL
207403600031400,admin.list,50030326,admin,NULL
207403600031400,admin.list,50034793,admin,NULL
207403600030721,admin.list,50032853,admin,NULL
207403600032957,admin.list,50023835,admin,NULL
207403600029599,admin.list,50032853,admin,NULL
207403600097308,admin.list,NULL,NULL,NULL
207403600012175,admin.list,50032853,admin,NULL
207403600012175,admin.list,50034793,admin,NULL
207403600115008,admin.list,50032795,admin,NULL
207403600035161,admin.list,50023835,admin,NULL
207403600035669,admin.list,50023835,admin,NULL
207403600114553,admin.list,50032795,admin,NULL
207403600104053,admin.list,50030542,admin,NULL
207403600090524,admin.list,50030542,admin,NULL
207403600028253,admin.list,50032853,admin,NULL
207403600028253,admin.list,50034793,admin,NULL
207403600031212,admin.list,50030326,admin,NULL
207403600027009,admin.list,50030326,admin,NULL
207403600027009,admin.list,50032853,admin,NULL
207403600113637,admin.list,50030326,admin,NULL
207403600113637,admin.list,50032795,admin,NULL
207403600096066,admin.list,50032795,admin,NULL
207403600107713,admin.list,NULL,NULL,NULL
207403600034792,admin.list,50032853,admin,NULL
207403600066736,admin.list,50032853,admin,NULL
207403600074041,admin.list,50033598,admin,NULL
207403600031579,admin.list,50032759,admin,NULL
207403600031579,admin.list,50034793,admin,NULL
207403600033256,admin.list,50032853,admin,NULL
207403600110513,admin.list,50032759,admin,NULL
207403600050198,admin.list,50023507,admin,NULL
207403600050198,admin.list,50032853,admin,NULL
207403600033270,admin.list,50032853,admin,NULL
207403600113467,admin.list,50032942,admin,NULL
207403600113467,admin.list,50035050,admin,NULL
207403600113467,admin.list,50023835,admin,NULL
207403600053338,admin.list,50023835,admin,NULL
207403600097166,admin.list,50023835,admin,NULL
207403600090469,admin.list,50032795,admin,NULL
207403600033941,admin.list,50033598,admin,NULL
207403600059985,admin.list,50023835,admin,NULL
207403600018899,admin.list,50023427,admin,NULL
207403600094221,admin.list,50032795,admin,NULL
207403600113895,admin.list,50033044,admin,NULL
207403600113895,admin.list,50030326,admin,NULL
207403600031784,admin.list,50030326,admin,NULL
207403600061571,admin.list,50032795,admin,NULL
207403600061571,admin.list,50032853,admin,NULL
207403600077980,admin.list,50032795,admin,NULL
207403600068147,admin.list,50032853,admin,NULL
207403600034019,admin.list,50023835,admin,NULL
207403600103706,admin.list,50032795,admin,NULL
207403600070613,admin.list,50032853,admin,NULL
207403600095085,admin.list,50023797,admin,NULL
207403600091651,admin.list,50023797,admin,NULL
207403600088175,admin.list,50033598,admin,NULL
207403600095437,admin.list,50023835,admin,NULL
207403600095437,admin.list,50033598,admin,NULL
207403600032613,admin.list,50032759,admin,NULL
207403600032613,admin.list,50034793,admin,NULL
207403600050852,admin.list,50023835,admin,NULL
207403600053477,admin.list,50023835,admin,NULL
207403600067671,admin.list,50023835,admin,NULL
207403600088702,admin.list,50033598,admin,NULL
207403600098306,admin.list,50033598,admin,NULL
207403600098306,admin.list,50030542,admin,NULL
207403600067082,admin.list,50032853,admin,NULL
207403600105029,admin.list,50032795,admin,NULL
207403600105029,admin.list,50033598,admin,NULL
207403600103523,admin.list,50023795,admin,NULL
207403600113997,admin.list,50030326,admin,NULL
207403600078846,admin.list,50032795,admin,NULL
207403600035876,admin.list,50030542,admin,NULL
207403600104716,admin.list,50030542,admin,NULL
207403600034510,admin.list,50032795,admin,NULL
207403600034510,admin.list,50032853,admin,NULL
207403600034236,admin.list,50032759,admin,NULL
207403600034236,admin.list,50034793,admin,NULL
207403600089882,admin.list,50030326,admin,NULL
207403600089882,admin.list,50030542,admin,NULL
207403600105710,admin.list,50023796,admin,NULL
207403600054145,admin.list,50032853,admin,NULL
207403600018328,admin.list,50034793,admin,NULL
207403600051038,admin.list,50023835,admin,NULL
207403600024761,admin.list,50034793,admin,NULL
207403600088114,admin.list,50033598,admin,NULL
207403600033297,admin.list,50032853,admin,NULL
207403600052353,admin.list,50023795,admin,NULL
207403600098061,admin.list,50032795,admin,NULL
207403600081853,admin.list,50032853,admin,NULL
207403600107159,admin.list,50033598,admin,NULL
207403600012701,admin.list,50023835,admin,NULL
207403600012701,admin.list,50034793,admin,NULL
207403600109199,admin.list,50033598,admin,NULL
207403600109199,admin.list,50032942,admin,NULL
207403600110707,admin.list,50032759,admin,NULL
207403600110707,admin.list,50033598,admin,NULL
207403600022081,admin.list,50023835,admin,NULL
207403600022081,admin.list,50034793,admin,NULL
207403600011659,admin.list,50030326,admin,NULL
207403600011659,admin.list,50033598,admin,NULL
207403600097688,admin.list,50033598,admin,NULL
207403600031681,admin.list,50032759,admin,NULL
207403600088571,admin.list,50033598,admin,NULL
207403600102345,admin.list,50033598,admin,NULL
207403600059875,admin.list,50032795,admin,NULL
207403600110666,admin.list,50032759,admin,NULL
207403600110666,admin.list,50033598,admin,NULL
207403600112723,admin.list,50030326,admin,NULL
207403600033302,admin.list,50023835,admin,NULL
207403600090371,admin.list,50030542,admin,NULL
207403600013464,admin.list,50034793,admin,NULL
207403600077917,admin.list,50032795,admin,NULL
207403600035675,admin.list,50032795,admin,NULL
207403600035675,admin.list,50032853,admin,NULL
207403600015779,admin.list,50032757,admin,NULL
207403600015779,admin.list,50034793,admin,NULL
207403600029480,admin.list,50032853,admin,NULL
207403600102043,admin.list,50030542,admin,NULL
207403600102915,admin.list,50032795,admin,NULL
207403600102915,admin.list,50033598,admin,NULL
207403600011603,admin.list,50023835,admin,NULL
207403600011603,admin.list,50034793,admin,NULL
207403600101186,admin.list,50023796,admin,NULL
207403600109938,admin.list,50032759,admin,NULL
207403600094178,admin.list,50032795,admin,NULL
207403600094178,admin.list,50023835,admin,NULL
207403600089649,admin.list,50032795,admin,NULL
207403600035732,admin.list,50033598,admin,NULL
207403600035732,admin.list,50023507,admin,NULL
207403600035732,admin.list,50032795,admin,NULL
207403600061226,admin.list,50032853,admin,NULL
207403600072231,admin.list,50034793,admin,NULL
207403600097038,admin.list,50023796,admin,NULL
207403600024470,admin.list,50032759,admin,NULL
207403600033238,admin.list,50032853,admin,NULL
207403600071937,admin.list,50032795,admin,NULL
207403600020849,admin.list,50030326,admin,NULL
207403600020849,admin.list,50034793,admin,NULL
207403600060847,admin.list,50033598,admin,NULL
207403600060847,admin.list,50032759,admin,NULL
207403600113733,admin.list,50035050,admin,NULL
207403600109867,admin.list,NULL,NULL,NULL
207403600086970,admin.list,50032759,admin,NULL
207403600086970,admin.list,50032853,admin,NULL
207403600086970,admin.list,50033598,admin,NULL
207403600020967,admin.list,50032795,admin,NULL
207403600020967,admin.list,50030542,admin,NULL
207403600020967,admin.list,50033598,admin,NULL
207403600020967,admin.list,50032853,admin,NULL
207403600034642,admin.list,50032853,admin,NULL
207403600034642,admin.list,50033598,admin,NULL
207403600069199,admin.list,50030542,admin,NULL
207403600104131,admin.list,50033598,admin,NULL
207403600088966,admin.list,50033598,admin,NULL
207403600114726,admin.list,50035021,admin,NULL
207403600090457,admin.list,50030542,admin,NULL
207403600056665,admin.list,50023795,admin,NULL
207403600059252,admin.list,50032795,admin,NULL
207403600107671,admin.list,50033598,admin,NULL
207403600108079,admin.list,NULL,NULL,NULL
207403600090170,admin.list,50032795,admin,NULL
207403600030066,admin.list,50030326,admin,NULL
207403600030066,admin.list,50032853,admin,NULL
207403600105341,admin.list,50032795,admin,NULL
207403600102038,admin.list,50030542,admin,NULL
207403600085123,admin.list,50023795,admin,NULL
207403600073313,admin.list,50032795,admin,NULL
207403600111115,admin.list,50033598,admin,NULL
207403600101585,admin.list,50023795,admin,NULL
207403600108237,admin.list,50033598,admin,NULL
207403600070594,admin.list,50032795,admin,NULL
207403600031031,admin.list,50032853,admin,NULL
207403600073799,admin.list,50023797,admin,NULL
207403600073849,admin.list,50032795,admin,NULL
207403600051511,admin.list,50032853,admin,NULL
207403600073815,admin.list,50032795,admin,NULL
207403600027014,admin.list,NULL,NULL,NULL
207403600050541,admin.list,50023795,admin,NULL
207403600096912,admin.list,50032795,admin,NULL
207403600088015,admin.list,50033598,admin,NULL
207403600023065,admin.list,50032759,admin,NULL
207403600023065,admin.list,50034793,admin,NULL
207403600112763,admin.list,50035050,admin,NULL
207403600112763,admin.list,50032795,admin,NULL
207403600110717,admin.list,50032759,admin,NULL
207403600110717,admin.list,50033598,admin,NULL
207403600112815,admin.list,50032942,admin,NULL
207403600112815,admin.list,50030326,admin,NULL
207403600034760,admin.list,50032853,admin,NULL
207403600021602,admin.list,50032757,admin,NULL
207403600035644,admin.list,50032795,admin,NULL
207403600035644,admin.list,50032853,admin,NULL
207403600096593,admin.list,50030542,admin,NULL
207403600096593,admin.list,50032759,admin,NULL
207403600081753,admin.list,50033598,admin,NULL
207403600099050,admin.list,50033598,admin,NULL
207403600115328,admin.list,50033044,admin,NULL
207403600087644,admin.list,50032759,admin,NULL
207403600087644,admin.list,50034793,admin,NULL
207403600097710,admin.list,50032795,admin,NULL
207403600097710,admin.list,50033598,admin,NULL
207403600060998,admin.list,50032795,admin,NULL
207403600068353,admin.list,50032853,admin,NULL
207403600090295,admin.list,50032795,admin,NULL
207403600024344,admin.list,50023835,admin,NULL
207403600012172,admin.list,50032853,admin,NULL
207403600012172,admin.list,50034793,admin,NULL
207403600079831,admin.list,50033598,admin,NULL
207403600079831,admin.list,50032759,admin,NULL
207403600066812,admin.list,50032853,admin,NULL
207403600080744,admin.list,50023797,admin,NULL
207403600109457,admin.list,50033598,admin,NULL
207403600098291,admin.list,NULL,NULL,NULL
207403600012170,admin.list,50030542,admin,NULL
207403600012170,admin.list,50030326,admin,NULL
207403600038286,admin.list,50032853,admin,NULL
207403600114576,admin.list,50032942,admin,NULL
207403600102323,admin.list,50032795,admin,NULL
207403600026932,admin.list,50030326,admin,NULL
207403600051398,admin.list,50023835,admin,NULL
207403600051398,admin.list,50033598,admin,NULL
207403600051398,admin.list,50032853,admin,NULL
207403600104101,admin.list,50023835,admin,NULL
207403600103644,admin.list,50030542,admin,NULL
207403600103644,admin.list,50032961,admin,NULL
207403600106487,admin.list,50033598,admin,NULL
207403600111967,admin.list,50033598,admin,NULL
207403600111967,admin.list,50032759,admin,NULL
207403600097749,admin.list,50033598,admin,NULL
207403600105950,admin.list,NULL,NULL,NULL
207403600099667,admin.list,50033598,admin,NULL
207403600069199,admin.list,50033598,admin,NULL
207403600069199,admin.list,50032853,admin,NULL
207403600089222,admin.list,50032853,admin,NULL
207403600089222,admin.list,50030542,admin,NULL
207403600089222,admin.list,50033598,admin,NULL
207403600032768,admin.list,50032853,admin,NULL
207403600090421,admin.list,50032853,admin,NULL
207403600114813,admin.list,50033044,admin,NULL
207403600035510,admin.list,50032795,admin,NULL
207403600035510,admin.list,50032853,admin,NULL
207403600108634,admin.list,NULL,NULL,NULL
207403600077461,admin.list,50032795,admin,NULL
207403600077461,admin.list,50034793,admin,NULL
207403600052609,admin.list,50033598,admin,NULL
207403600052609,admin.list,50032853,admin,NULL
207403600067298,admin.list,50032853,admin,NULL
207403600103313,admin.list,50023835,admin,NULL
207403600103313,admin.list,50033598,admin,NULL
207403600037249,admin.list,50032853,admin,NULL
207403600034414,admin.list,50023835,admin,NULL
207403600040237,admin.list,50032853,admin,NULL
207403600040237,admin.list,50030326,admin,NULL
207403600102494,admin.list,50032795,admin,NULL
207403600102494,admin.list,50033598,admin,NULL
207403600073239,admin.list,50032795,admin,NULL
207403600073239,admin.list,50030326,admin,NULL
207403600110267,admin.list,50032759,admin,NULL
207403600110267,admin.list,50033287,admin,NULL
207403600105349,admin.list,50032795,admin,NULL
207403600105349,admin.list,50033598,admin,NULL
207403600073752,admin.list,50030542,admin,NULL
207403600073752,admin.list,50033598,admin,NULL
207403600071160,admin.list,50023797,admin,NULL
207403600029903,admin.list,50030326,admin,NULL
207403600029903,admin.list,50032853,admin,NULL
207403600070439,admin.list,50032853,admin,NULL
207403600070439,admin.list,50030542,admin,NULL
207403600102616,admin.list,50032795,admin,NULL
207403600102616,admin.list,50033598,admin,NULL
207403600087215,admin.list,50032759,admin,NULL
207403600087215,admin.list,50030542,admin,NULL
207403600114327,admin.list,50033044,admin,NULL
207403600098621,admin.list,50033598,admin,NULL
207403600029527,admin.list,50032853,admin,NULL
207403600066662,admin.list,50032853,admin,NULL
207403600083529,admin.list,50032795,admin,NULL
207403600089006,admin.list,50033598,admin,NULL
207403600089006,admin.list,50032853,admin,NULL
207403600107018,admin.list,50033598,admin,NULL
207403600029076,admin.list,50032853,admin,NULL
207403600088102,admin.list,50033598,admin,NULL
207403600053207,admin.list,50032853,admin,NULL
207403600055680,admin.list,50032853,admin,NULL
207403600034353,admin.list,50032853,admin,NULL
207403600064912,admin.list,50032853,admin,NULL
207403600060555,admin.list,50023795,admin,NULL
207403600084566,admin.list,50032759,admin,NULL
207403600084566,admin.list,50023796,admin,NULL
207403600101315,admin.list,50030542,admin,NULL
207403600103040,admin.list,50030326,admin,NULL
207403600113827,admin.list,50025495,admin,NULL
207403600113827,admin.list,50023427,admin,NULL
207403600029200,admin.list,50032853,admin,NULL
207403600089410,admin.list,50032853,admin,NULL
207403600094153,admin.list,50030542,admin,NULL
207403600105069,admin.list,50032795,admin,NULL
207403600088023,admin.list,50030542,admin,NULL
207403600093664,admin.list,50023796,admin,NULL
207403600110369,admin.list,50023796,admin,NULL
207403600035920,admin.list,50032853,admin,NULL
207403600029284,admin.list,50032853,admin,NULL
207403600029284,admin.list,50032759,admin,NULL
207403600029284,admin.list,50023835,admin,NULL
207403600073092,admin.list,50032853,admin,NULL
207403600105011,admin.list,50023796,admin,NULL
207403600090869,admin.list,50032795,admin,NULL
207403600086884,admin.list,50032759,admin,NULL
207403600112944,admin.list,50032942,admin,NULL
207403600032527,admin.list,50023835,admin,NULL
207403600032527,admin.list,50032795,admin,NULL
207403600114628,admin.list,50025495,admin,NULL
207403600114628,admin.list,50023795,admin,NULL
207403600090404,admin.list,50023835,admin,NULL
207403600110087,admin.list,50032759,admin,NULL
207403600095456,admin.list,50033598,admin,NULL
207403600108781,admin.list,50033598,admin,NULL
207403600108781,admin.list,50032759,admin,NULL
207403600015061,admin.list,50023427,admin,NULL
207403600015061,admin.list,50034793,admin,NULL
207403600018118,admin.list,50032759,admin,NULL
207403600018118,admin.list,50023427,admin,NULL
207403600080420,admin.list,50023797,admin,NULL
207403600077867,admin.list,50032795,admin,NULL
207403600085511,admin.list,50023796,admin,NULL
207403600105045,admin.list,50033598,admin,NULL
207403600105045,admin.list,50032942,admin,NULL
207403600102632,admin.list,50032795,admin,NULL
207403600069503,admin.list,50023795,admin,NULL
207403600105651,admin.list,50033598,admin,NULL
207403600081872,admin.list,50032853,admin,NULL
207403600081872,admin.list,50034793,admin,NULL
207403600063691,admin.list,50032853,admin,NULL
207403600105255,admin.list,50033598,admin,NULL
207403600059244,admin.list,50023835,admin,NULL
207403600012290,admin.list,50030326,admin,NULL
207403600012290,admin.list,50034793,admin,NULL
207403600035328,admin.list,50023835,admin,NULL
207403600088166,admin.list,50033598,admin,NULL
207403600107762,admin.list,50033598,admin,NULL
207403600100065,admin.list,50033598,admin,NULL
207403600114770,admin.list,50035050,admin,NULL
207403600059273,admin.list,50023835,admin,NULL
207403600067905,admin.list,50032853,admin,NULL
207403600050297,admin.list,50032853,admin,NULL
207403600033022,admin.list,50023835,admin,NULL
207403600102961,admin.list,50023835,admin,NULL
207403600111233,admin.list,50033598,admin,NULL
207403600059554,admin.list,50033598,admin,NULL
207403600059554,admin.list,50032853,admin,NULL
207403600059554,admin.list,50030326,admin,NULL
207403600090119,admin.list,50030542,admin,NULL
207403600090119,admin.list,50032853,admin,NULL
207403600090119,admin.list,50033598,admin,NULL
207403600090119,admin.list,50032759,admin,NULL
207403600022239,admin.list,50032757,admin,NULL
207403600022239,admin.list,50033598,admin,NULL
207403600022239,admin.list,50032853,admin,NULL
207403600015970,admin.list,50032795,admin,NULL
207403600015970,admin.list,50032853,admin,NULL
207403600015970,admin.list,50030326,admin,NULL
207403600051317,admin.list,50033598,admin,NULL
207403600051317,admin.list,50030542,admin,NULL
207403600051317,admin.list,50032759,admin,NULL
207403600051317,admin.list,50032853,admin,NULL
207403600103287,admin.list,50030542,admin,NULL
207403600103287,admin.list,50033598,admin,NULL
207403600103287,admin.list,50030326,admin,NULL
207403600028892,admin.list,50032795,admin,NULL
207403600028892,admin.list,50032853,admin,NULL
207403600028892,admin.list,50030326,admin,NULL
207403600021147,admin.list,50032795,admin,NULL
207403600021147,admin.list,50033598,admin,NULL
207403600021147,admin.list,50032757,admin,NULL
207403600021147,admin.list,50030326,admin,NULL
207403600013321,admin.list,50032759,admin,NULL
207403600013321,admin.list,50030326,admin,NULL
207403600062752,admin.list,50032853,admin,NULL
207403600074225,admin.list,50032795,admin,NULL
207403600074225,admin.list,50033598,admin,NULL
207403600074225,admin.list,50030542,admin,NULL
207403600074225,admin.list,50032759,admin,NULL
207403600022376,admin.list,50033598,admin,NULL
207403600011979,admin.list,50030542,admin,NULL
207403600011979,admin.list,50023835,admin,NULL
207403600011979,admin.list,50030326,admin,NULL
207403600083457,admin.list,50032759,admin,NULL
207403600083457,admin.list,50030542,admin,NULL
207403600083457,admin.list,50033598,admin,NULL
207403600083457,admin.list,50030326,admin,NULL
207403600035200,admin.list,50023835,admin,NULL
207403600035200,admin.list,50032853,admin,NULL
207403600043724,admin.list,50030326,admin,NULL
207403600021069,admin.list,50032757,admin,NULL
207403600021069,admin.list,50033598,admin,NULL
207403600105630,admin.list,50033598,admin,NULL
207403600058728,admin.list,50023835,admin,NULL
207403600058728,admin.list,50033598,admin,NULL
207403600058728,admin.list,50032853,admin,NULL
207403600011494,admin.list,50030542,admin,NULL
207403600011494,admin.list,50030326,admin,NULL
207403600079177,admin.list,50023795,admin,NULL
207403600035590,admin.list,50032795,admin,NULL
207403600035590,admin.list,50032853,admin,NULL
207403600035590,admin.list,50032759,admin,NULL
207403600035590,admin.list,50030326,admin,NULL
207403600035590,admin.list,50033598,admin,NULL
207403600103765,admin.list,50030542,admin,NULL
207403600103765,admin.list,50033598,admin,NULL
207403600103765,admin.list,50030326,admin,NULL
207403600033803,admin.list,50032795,admin,NULL
207403600033803,admin.list,50032853,admin,NULL
207403600033803,admin.list,50030542,admin,NULL
207403600030986,admin.list,50032853,admin,NULL
207403600030986,admin.list,50032759,admin,NULL
207403600030986,admin.list,50030326,admin,NULL
207403600029893,admin.list,50030326,admin,NULL
207403600029893,admin.list,50032795,admin,NULL
207403600029893,admin.list,50033598,admin,NULL
207403600102716,admin.list,50030542,admin,NULL
207403600102716,admin.list,50033598,admin,NULL
207403600111047,admin.list,NULL,NULL,NULL
207403600110674,admin.list,50032759,admin,NULL
207403600110674,admin.list,50033598,admin,NULL
207403600013500,admin.list,50032795,admin,NULL
207403600012914,admin.list,50030326,admin,NULL
207403600012914,admin.list,50032757,admin,NULL
207403600012914,admin.list,50030542,admin,NULL
207403600012914,admin.list,50033598,admin,NULL
207403600035520,admin.list,50023835,admin,NULL
207403600022553,admin.list,50034905,admin,NULL
207403600015235,admin.list,50023835,admin,NULL
207403600015235,admin.list,50034793,admin,NULL
207403600034987,admin.list,50032795,admin,NULL
207403600079504,admin.list,50032795,admin,NULL
207403600031963,admin.list,50032759,admin,NULL
207403600090063,admin.list,50033598,admin,NULL
207403600108058,admin.list,50033598,admin,NULL
207403600108058,admin.list,50032759,admin,NULL
207403600050492,admin.list,50032795,admin,NULL
207403600050492,admin.list,50032853,admin,NULL
207403600033191,admin.list,50032853,admin,NULL
207403600096875,admin.list,50032795,admin,NULL
207403600102292,admin.list,50032795,admin,NULL
207403600105510,admin.list,50033598,admin,NULL
207403600035890,admin.list,50032853,admin,NULL
207403600032758,admin.list,50023835,admin,NULL
207403600032758,admin.list,50034793,admin,NULL
207403600068200,admin.list,50032853,admin,NULL
207403600094322,admin.list,50030542,admin,NULL
207403600013884,admin.list,50032759,admin,NULL
207403600013884,admin.list,50034793,admin,NULL
207403600035137,admin.list,50023835,admin,NULL
207403600058977,admin.list,50023795,admin,NULL
207403600094845,admin.list,50032795,admin,NULL
207403600060048,admin.list,50032795,admin,NULL
207403600074011,admin.list,50032853,admin,NULL
207403600033786,admin.list,50034793,admin,NULL
207403600053434,admin.list,50032795,admin,NULL
207403600053434,admin.list,50032853,admin,NULL
207403600101997,admin.list,50023795,admin,NULL
207403600030863,admin.list,50032853,admin,NULL
207403600111615,admin.list,50033598,admin,NULL
207403600111615,admin.list,50034793,admin,NULL
207403600107670,admin.list,NULL,NULL,NULL
207403600071128,admin.list,50033598,admin,NULL
207403600069308,admin.list,50023795,admin,NULL
207403600058714,admin.list,50023835,admin,NULL
207403600110294,admin.list,NULL,NULL,NULL
207403600033150,admin.list,50030326,admin,NULL
207403600092133,admin.list,50032853,admin,NULL
207403600110503,admin.list,50032759,admin,NULL
207403600088069,admin.list,50033598,admin,NULL
207403600114134,admin.list,NULL,NULL,NULL
207403600071587,admin.list,50032795,admin,NULL
207403600113886,admin.list,50032942,admin,NULL
207403600104622,admin.list,50030542,admin,NULL
207403600110424,admin.list,50032759,admin,NULL
207403600043746,admin.list,50023835,admin,NULL
207403600089589,admin.list,50023795,admin,NULL
207403600015058,admin.list,50023427,admin,NULL
207403600080155,admin.list,50033598,admin,NULL
207403600040874,admin.list,50032853,admin,NULL
207403600030508,admin.list,50032795,admin,NULL
207403600030508,admin.list,50034793,admin,NULL
207403600070078,admin.list,50032795,admin,NULL
207403600101998,admin.list,50030542,admin,NULL
207403600089923,admin.list,50023835,admin,NULL
207403600089923,admin.list,50033598,admin,NULL
207403600113012,admin.list,50033044,admin,NULL
207403600082136,admin.list,50032853,admin,NULL
207403600098775,admin.list,50033598,admin,NULL
207403600098775,admin.list,50032795,admin,NULL
207403600096759,admin.list,50030542,admin,NULL
207403600096759,admin.list,50032759,admin,NULL
207403600052883,admin.list,50033598,admin,NULL
207403600052883,admin.list,50034793,admin,NULL
207403600091725,admin.list,50033598,admin,NULL
207403600229147,admin.list,NULL,NULL,NULL
207403600049575,admin.list,NULL,NULL,NULL
207403600111005,admin.list,NULL,NULL,NULL
207403600071737,admin.list,NULL,NULL,NULL
207403600043330,admin.list,NULL,NULL,NULL
207403600064006,admin.list,NULL,NULL,NULL
207403600039961,admin.list,NULL,NULL,NULL
207403600073520,admin.list,NULL,NULL,NULL
207403600073599,admin.list,NULL,NULL,NULL
207403600047839,admin.list,NULL,NULL,NULL
207403600237000,admin.list,NULL,NULL,NULL
207403600057820,admin.list,NULL,NULL,NULL
207403600063929,admin.list,NULL,NULL,NULL
207403600064704,admin.list,NULL,NULL,NULL
207403600110735,admin.list,NULL,NULL,NULL
207403600036762,admin.list,NULL,NULL,NULL
207403600037495,admin.list,NULL,NULL,NULL
207403600038012,admin.list,NULL,NULL,NULL
207403600038718,admin.list,NULL,NULL,NULL
207403600045178,admin.list,NULL,NULL,NULL
207403600052522,admin.list,NULL,NULL,NULL
207403600064478,admin.list,NULL,NULL,NULL
207403600065237,admin.list,NULL,NULL,NULL
207403600123362,admin.list,NULL,NULL,NULL
207403600040217,admin.list,NULL,NULL,NULL
207403600041831,admin.list,NULL,NULL,NULL
207403600049436,admin.list,NULL,NULL,NULL
207403600081669,admin.list,NULL,NULL,NULL
207403600100056,admin.list,NULL,NULL,NULL
207403600109824,admin.list,NULL,NULL,NULL
207403600036454,admin.list,NULL,NULL,NULL
207403600056569,admin.list,NULL,NULL,NULL
207403600076633,admin.list,NULL,NULL,NULL
207403600090193,admin.list,NULL,NULL,NULL
207403600139735,admin.list,NULL,NULL,NULL
207403600040714,admin.list,NULL,NULL,NULL
207403600051168,admin.list,NULL,NULL,NULL
207403600057350,admin.list,NULL,NULL,NULL
207403600128522,admin.list,NULL,NULL,NULL
207403600139010,admin.list,NULL,NULL,NULL
207403600036724,admin.list,NULL,NULL,NULL
207403600040675,admin.list,NULL,NULL,NULL
207403600055614,admin.list,NULL,NULL,NULL
207403600064618,admin.list,NULL,NULL,NULL
207403600061748,admin.list,NULL,NULL,NULL
207403600037905,admin.list,NULL,NULL,NULL
207403600057373,admin.list,NULL,NULL,NULL
207403600041837,admin.list,NULL,NULL,NULL
207403600062873,admin.list,NULL,NULL,NULL
207403600041317,admin.list,NULL,NULL,NULL
207403600049214,admin.list,NULL,NULL,NULL
207403600056462,admin.list,NULL,NULL,NULL
207403600042216,admin.list,NULL,NULL,NULL
207403600044647,admin.list,NULL,NULL,NULL
207403600057402,admin.list,NULL,NULL,NULL
207403600050781,admin.list,NULL,NULL,NULL
207403600124558,admin.list,NULL,NULL,NULL
207403600064506,admin.list,NULL,NULL,NULL
207403600155558,admin.list,NULL,NULL,NULL
207403600046582,admin.list,NULL,NULL,NULL
207403600046908,admin.list,NULL,NULL,NULL
207403600070534,admin.list,NULL,NULL,NULL
207403600060963,admin.list,NULL,NULL,NULL
207403600067706,admin.list,NULL,NULL,NULL
207403600048846,admin.list,NULL,NULL,NULL
207403600073173,admin.list,NULL,NULL,NULL
207403600073388,admin.list,NULL,NULL,NULL
207403600037692,admin.list,NULL,NULL,NULL
207403600038289,admin.list,NULL,NULL,NULL
207403600046752,admin.list,NULL,NULL,NULL
207403600090334,admin.list,NULL,NULL,NULL
207403600036596,admin.list,NULL,NULL,NULL
207403600040645,admin.list,NULL,NULL,NULL
207403600041059,admin.list,NULL,NULL,NULL
207403600055672,admin.list,NULL,NULL,NULL
207403600152786,admin.list,NULL,NULL,NULL
207403600038898,admin.list,NULL,NULL,NULL
207403600042455,admin.list,NULL,NULL,NULL
207403600048945,admin.list,NULL,NULL,NULL
207403600056667,admin.list,NULL,NULL,NULL
207403600065342,admin.list,NULL,NULL,NULL
207403600067408,admin.list,NULL,NULL,NULL
207403600071969,admin.list,NULL,NULL,NULL
207403600151407,admin.list,NULL,NULL,NULL
207403600039819,admin.list,NULL,NULL,NULL
207403600055563,admin.list,NULL,NULL,NULL
207403600066791,admin.list,NULL,NULL,NULL
207403600055410,admin.list,NULL,NULL,NULL
207403600064340,admin.list,NULL,NULL,NULL
207403600068567,admin.list,NULL,NULL,NULL
207403600081077,admin.list,NULL,NULL,NULL
207403600163594,admin.list,NULL,NULL,NULL
207403600043504,admin.list,NULL,NULL,NULL
207403600051204,admin.list,NULL,NULL,NULL
207403600053803,admin.list,NULL,NULL,NULL
207403600116596,admin.list,NULL,NULL,NULL
207403600141484,admin.list,NULL,NULL,NULL
207403600036377,admin.list,NULL,NULL,NULL
207403600064022,admin.list,NULL,NULL,NULL
207403600064809,admin.list,NULL,NULL,NULL
207403600038409,admin.list,NULL,NULL,NULL
207403600047467,admin.list,NULL,NULL,NULL
207403600051948,admin.list,NULL,NULL,NULL
207403600065271,admin.list,NULL,NULL,NULL
207403600065313,admin.list,NULL,NULL,NULL
207403600111602,admin.list,NULL,NULL,NULL
207403600128890,admin.list,NULL,NULL,NULL
207403600051135,admin.list,NULL,NULL,NULL
207403600062678,admin.list,NULL,NULL,NULL
207403600119224,admin.list,NULL,NULL,NULL
207403600044245,admin.list,NULL,NULL,NULL
207403600041544,admin.list,NULL,NULL,NULL
207403600040355,admin.list,NULL,NULL,NULL
207403600040456,admin.list,NULL,NULL,NULL
207403600042362,admin.list,NULL,NULL,NULL
207403600072629,admin.list,NULL,NULL,NULL
207403600081159,admin.list,NULL,NULL,NULL
207403600036868,admin.list,NULL,NULL,NULL
207403600056992,admin.list,NULL,NULL,NULL
207403600057072,admin.list,NULL,NULL,NULL
207403600089069,admin.list,NULL,NULL,NULL
207403600094213,admin.list,NULL,NULL,NULL
207403600124768,admin.list,NULL,NULL,NULL
207403600063695,admin.list,NULL,NULL,NULL
207403600085871,admin.list,NULL,NULL,NULL
207403600040649,admin.list,NULL,NULL,NULL
207403600061041,admin.list,NULL,NULL,NULL
207403600068753,admin.list,NULL,NULL,NULL
207403600118378,admin.list,NULL,NULL,NULL
207403600135930,admin.list,NULL,NULL,NULL
207403600139075,admin.list,NULL,NULL,NULL
207403600038480,admin.list,NULL,NULL,NULL
207403600040903,admin.list,NULL,NULL,NULL
207403600055845,admin.list,NULL,NULL,NULL
207403600059845,admin.list,NULL,NULL,NULL
207403600061081,admin.list,NULL,NULL,NULL
207403600058061,admin.list,NULL,NULL,NULL
207403600065619,admin.list,NULL,NULL,NULL
207403600104033,admin.list,NULL,NULL,NULL
207403600081032,admin.list,NULL,NULL,NULL
207403600039214,admin.list,NULL,NULL,NULL
207403600053655,admin.list,NULL,NULL,NULL
207403600081381,admin.list,NULL,NULL,NULL
207403600047315,admin.list,NULL,NULL,NULL
207403600066940,admin.list,NULL,NULL,NULL
207403600105905,admin.list,NULL,NULL,NULL
207403600059806,admin.list,NULL,NULL,NULL
207403600055715,admin.list,NULL,NULL,NULL
207403600043683,admin.list,NULL,NULL,NULL
207403600064307,admin.list,NULL,NULL,NULL
207403600055574,admin.list,NULL,NULL,NULL
207403600110761,admin.list,NULL,NULL,NULL
207403600063052,admin.list,NULL,NULL,NULL
207403600067299,admin.list,NULL,NULL,NULL
207403600068872,admin.list,NULL,NULL,NULL
207403600039533,admin.list,NULL,NULL,NULL
207403600041729,admin.list,NULL,NULL,NULL
207403600055347,admin.list,NULL,NULL,NULL
207403600058734,admin.list,NULL,NULL,NULL
207403600065177,admin.list,NULL,NULL,NULL
207403600067753,admin.list,NULL,NULL,NULL
207403600048716,admin.list,NULL,NULL,NULL
207403600057515,admin.list,NULL,NULL,NULL
207403600058663,admin.list,NULL,NULL,NULL
207403600038361,admin.list,NULL,NULL,NULL
207403600042949,admin.list,NULL,NULL,NULL
207403600061365,admin.list,NULL,NULL,NULL
207403600066677,admin.list,NULL,NULL,NULL
207403600067296,admin.list,NULL,NULL,NULL
207403600089413,admin.list,NULL,NULL,NULL
207403600100429,admin.list,NULL,NULL,NULL
207403600100648,admin.list,NULL,NULL,NULL
207403600068497,admin.list,NULL,NULL,NULL
207403600051965,admin.list,NULL,NULL,NULL
207403600053920,admin.list,NULL,NULL,NULL
207403600063841,admin.list,NULL,NULL,NULL
207403600066460,admin.list,NULL,NULL,NULL
207403600063051,admin.list,NULL,NULL,NULL
207403600065621,admin.list,NULL,NULL,NULL
207403600068632,admin.list,NULL,NULL,NULL
207403600084170,admin.list,NULL,NULL,NULL
207403600193572,admin.list,50030542,admin,NULL
207403600057069,admin.list,NULL,NULL,NULL
207403600058712,admin.list,NULL,NULL,NULL
207403600128102,admin.list,NULL,NULL,NULL
207403600115340,admin.list,NULL,NULL,NULL
207403600054937,admin.list,NULL,NULL,NULL
207403600063045,admin.list,NULL,NULL,NULL
207403600069803,admin.list,NULL,NULL,NULL
207403600054550,admin.list,NULL,NULL,NULL
207403600053945,admin.list,NULL,NULL,NULL
207403600056039,admin.list,NULL,NULL,NULL
207403600060053,admin.list,NULL,NULL,NULL
207403600070618,admin.list,NULL,NULL,NULL
207403600072385,admin.list,NULL,NULL,NULL
207403600073105,admin.list,NULL,NULL,NULL
207403600073392,admin.list,NULL,NULL,NULL
207403600119029,admin.list,NULL,NULL,NULL
207403600135375,admin.list,NULL,NULL,NULL
207403600038982,admin.list,NULL,NULL,NULL
207403600041608,admin.list,NULL,NULL,NULL
207403600050499,admin.list,NULL,NULL,NULL
207403600051251,admin.list,NULL,NULL,NULL
207403600056822,admin.list,NULL,NULL,NULL
207403600058360,admin.list,NULL,NULL,NULL
207403600069284,admin.list,NULL,NULL,NULL
207403600113198,admin.list,NULL,NULL,NULL
207403600120845,admin.list,NULL,NULL,NULL
207403600123817,admin.list,NULL,NULL,NULL
207403600148731,admin.list,NULL,NULL,NULL
207403600036748,admin.list,NULL,NULL,NULL
207403600037005,admin.list,NULL,NULL,NULL
207403600038261,admin.list,NULL,NULL,NULL
207403600039739,admin.list,NULL,NULL,NULL
207403600041969,admin.list,NULL,NULL,NULL
207403600044084,admin.list,NULL,NULL,NULL
207403600044555,admin.list,NULL,NULL,NULL
207403600045970,admin.list,NULL,NULL,NULL
207403600047868,admin.list,NULL,NULL,NULL
207403600049520,admin.list,NULL,NULL,NULL
207403600049962,admin.list,NULL,NULL,NULL
207403600048127,admin.list,NULL,NULL,NULL
207403600059382,admin.list,NULL,NULL,NULL
207403600068937,admin.list,NULL,NULL,NULL
207403600071076,admin.list,NULL,NULL,NULL
207403600071450,admin.list,NULL,NULL,NULL
207403600086877,admin.list,NULL,NULL,NULL
207403600106816,admin.list,NULL,NULL,NULL
207403600114690,admin.list,NULL,NULL,NULL
207403600037881,admin.list,NULL,NULL,NULL
207403600039069,admin.list,NULL,NULL,NULL
207403600041648,admin.list,NULL,NULL,NULL
207403600042058,admin.list,NULL,NULL,NULL
207403600045852,admin.list,NULL,NULL,NULL
207403600047074,admin.list,NULL,NULL,NULL
207403600047358,admin.list,NULL,NULL,NULL
207403600047547,admin.list,NULL,NULL,NULL
207403600047601,admin.list,NULL,NULL,NULL
207403600050777,admin.list,NULL,NULL,NULL
207403600051353,admin.list,NULL,NULL,NULL
207403600051778,admin.list,NULL,NULL,NULL
207403600053057,admin.list,NULL,NULL,NULL
207403600062350,admin.list,NULL,NULL,NULL
207403600066316,admin.list,NULL,NULL,NULL
207403600066428,admin.list,NULL,NULL,NULL
207403600122634,admin.list,NULL,NULL,NULL
207403600239987,admin.list,NULL,NULL,NULL
207403600038356,admin.list,NULL,NULL,NULL
207403600040489,admin.list,NULL,NULL,NULL
207403600042945,admin.list,NULL,NULL,NULL
207403600057267,admin.list,NULL,NULL,NULL
207403600061897,admin.list,NULL,NULL,NULL
207403600037077,admin.list,NULL,NULL,NULL
207403600040668,admin.list,NULL,NULL,NULL
207403600042926,admin.list,NULL,NULL,NULL
207403600073715,admin.list,NULL,NULL,NULL
207403600074373,admin.list,NULL,NULL,NULL
207403600137617,admin.list,NULL,NULL,NULL
207403600138323,admin.list,NULL,NULL,NULL
207403600063823,admin.list,NULL,NULL,NULL
207403600064026,admin.list,NULL,NULL,NULL
207403600135650,admin.list,NULL,NULL,NULL
207403600042460,admin.list,NULL,NULL,NULL
207403600064973,admin.list,NULL,NULL,NULL
207403600068337,admin.list,NULL,NULL,NULL
207403600073240,admin.list,NULL,NULL,NULL
207403600106292,admin.list,NULL,NULL,NULL
207403600140724,admin.list,NULL,NULL,NULL
207403600241087,admin.list,50023103,admin,NULL
207403600037823,admin.list,NULL,NULL,NULL
207403600054396,admin.list,NULL,NULL,NULL
207403600063097,admin.list,NULL,NULL,NULL
207403600066348,admin.list,NULL,NULL,NULL
207403600131365,admin.list,NULL,NULL,NULL
207403600190973,admin.list,NULL,NULL,NULL
207403600047668,admin.list,NULL,NULL,NULL
207403600058035,admin.list,NULL,NULL,NULL
207403600048886,admin.list,NULL,NULL,NULL
207403600051029,admin.list,NULL,NULL,NULL
207403600052182,admin.list,NULL,NULL,NULL
207403600056820,admin.list,NULL,NULL,NULL
207403600064692,admin.list,NULL,NULL,NULL
207403600110389,admin.list,NULL,NULL,NULL
207403600123477,admin.list,NULL,NULL,NULL
207403600037058,admin.list,NULL,NULL,NULL
207403600037637,admin.list,NULL,NULL,NULL
207403600041161,admin.list,NULL,NULL,NULL
207403600041361,admin.list,NULL,NULL,NULL
207403600041681,admin.list,NULL,NULL,NULL
207403600042333,admin.list,NULL,NULL,NULL
207403600046952,admin.list,NULL,NULL,NULL
207403600054678,admin.list,NULL,NULL,NULL
207403600054846,admin.list,NULL,NULL,NULL
207403600056407,admin.list,NULL,NULL,NULL
207403600063379,admin.list,NULL,NULL,NULL
207403600066243,admin.list,NULL,NULL,NULL
207403600121881,admin.list,NULL,NULL,NULL
207403600127681,admin.list,NULL,NULL,NULL
207403600129162,admin.list,NULL,NULL,NULL
207403600133152,admin.list,NULL,NULL,NULL
207403600165662,admin.list,NULL,NULL,NULL
207403600036948,admin.list,NULL,NULL,NULL
207403600038573,admin.list,NULL,NULL,NULL
207403600038680,admin.list,NULL,NULL,NULL
207403600040351,admin.list,NULL,NULL,NULL
207403600041742,admin.list,NULL,NULL,NULL
207403600044532,admin.list,NULL,NULL,NULL
207403600044670,admin.list,NULL,NULL,NULL
207403600045918,admin.list,NULL,NULL,NULL
207403600046204,admin.list,NULL,NULL,NULL
207403600050038,admin.list,NULL,NULL,NULL
207403600055125,admin.list,NULL,NULL,NULL
207403600055459,admin.list,NULL,NULL,NULL
207403600056359,admin.list,NULL,NULL,NULL
207403600057272,admin.list,NULL,NULL,NULL
207403600057379,admin.list,NULL,NULL,NULL
207403600057762,admin.list,NULL,NULL,NULL
207403600058114,admin.list,NULL,NULL,NULL
207403600059810,admin.list,NULL,NULL,NULL
207403600109185,admin.list,NULL,NULL,NULL
207403600112581,admin.list,NULL,NULL,NULL
207403600037952,admin.list,NULL,NULL,NULL
207403600056969,admin.list,NULL,NULL,NULL
207403600063817,admin.list,NULL,NULL,NULL
207403600064975,admin.list,NULL,NULL,NULL
207403600116857,admin.list,NULL,NULL,NULL
207403600136926,admin.list,NULL,NULL,NULL
207403600159677,admin.list,NULL,NULL,NULL
207403600045772,admin.list,NULL,NULL,NULL
207403600047075,admin.list,NULL,NULL,NULL
207403600055245,admin.list,NULL,NULL,NULL
207403600062683,admin.list,NULL,NULL,NULL
207403600125992,admin.list,NULL,NULL,NULL
207403600136898,admin.list,NULL,NULL,NULL
207403600041960,admin.list,NULL,NULL,NULL
207403600042702,admin.list,NULL,NULL,NULL
207403600064918,admin.list,NULL,NULL,NULL
207403600112781,admin.list,NULL,NULL,NULL
207403600037806,admin.list,NULL,NULL,NULL
207403600038746,admin.list,NULL,NULL,NULL
207403600049285,admin.list,NULL,NULL,NULL
207403600062622,admin.list,NULL,NULL,NULL
207403600066117,admin.list,NULL,NULL,NULL
207403600070173,admin.list,NULL,NULL,NULL
207403600037554,admin.list,NULL,NULL,NULL
207403600043932,admin.list,NULL,NULL,NULL
207403600045988,admin.list,NULL,NULL,NULL
207403600047010,admin.list,NULL,NULL,NULL
207403600047556,admin.list,NULL,NULL,NULL
207403600048717,admin.list,NULL,NULL,NULL
207403600051014,admin.list,NULL,NULL,NULL
207403600053060,admin.list,NULL,NULL,NULL
207403600055213,admin.list,NULL,NULL,NULL
207403600056331,admin.list,NULL,NULL,NULL
207403600063033,admin.list,NULL,NULL,NULL
207403600068891,admin.list,NULL,NULL,NULL
207403600082734,admin.list,NULL,NULL,NULL
207403600088144,admin.list,NULL,NULL,NULL
207403600103100,admin.list,NULL,NULL,NULL
207403600115147,admin.list,NULL,NULL,NULL
207403600119547,admin.list,NULL,NULL,NULL
207403600161715,admin.list,NULL,NULL,NULL
207403600049018,admin.list,NULL,NULL,NULL
207403600049154,admin.list,NULL,NULL,NULL
207403600051675,admin.list,NULL,NULL,NULL
207403600056073,admin.list,NULL,NULL,NULL
207403600062718,admin.list,NULL,NULL,NULL
207403600063288,admin.list,NULL,NULL,NULL
207403600070956,admin.list,NULL,NULL,NULL
207403600072399,admin.list,NULL,NULL,NULL
207403600102469,admin.list,NULL,NULL,NULL
207403600125202,admin.list,NULL,NULL,NULL
207403600125377,admin.list,NULL,NULL,NULL
207403600204294,admin.list,NULL,NULL,NULL
207403600036999,admin.list,NULL,NULL,NULL
207403600045652,admin.list,NULL,NULL,NULL
207403600132268,admin.list,NULL,NULL,NULL
207403600164069,admin.list,NULL,NULL,NULL
207403600185782,admin.list,NULL,NULL,NULL
207403600245732,admin.list,NULL,NULL,NULL
207403600036129,admin.list,NULL,NULL,NULL
207403600046653,admin.list,NULL,NULL,NULL
207403600050392,admin.list,NULL,NULL,NULL
207403600052303,admin.list,NULL,NULL,NULL
207403600056752,admin.list,NULL,NULL,NULL
207403600059473,admin.list,NULL,NULL,NULL
207403600063216,admin.list,NULL,NULL,NULL
207403600072433,admin.list,NULL,NULL,NULL
207403600073878,admin.list,NULL,NULL,NULL
207403600104071,admin.list,NULL,NULL,NULL
207403600109272,admin.list,NULL,NULL,NULL
207403600126752,admin.list,NULL,NULL,NULL
207403600136130,admin.list,NULL,NULL,NULL
207403600163274,admin.list,NULL,NULL,NULL
